Fecha;COLCAP
1/04/2008;913,732664
2/04/2008;919,2985578
3/04/2008;923,0373235
4/04/2008;921,9986115
7/04/2008;928,3232096
8/04/2008;930,5726366
9/04/2008;936,5257575
10/04/2008;922,0535794
11/04/2008;917,7291635
14/04/2008;917,570905
15/04/2008;931,6134913
16/04/2008;936,545821
17/04/2008;934,6571431
18/04/2008;952,8200058
21/04/2008;953,2528248
22/04/2008;950,971108
23/04/2008;942,2131208
24/04/2008;949,5175994
25/04/2008;953,0722006
28/04/2008;962,4019525
29/04/2008;969,1061022
30/04/2008;985,9506589
2/05/2008;1012,306719
6/05/2008;1032,079243
7/05/2008;1010,963374
8/05/2008;1001,239164
9/05/2008;1008,487905
12/05/2008;1010,271555
13/05/2008;1015,63374
14/05/2008;1027,743694
15/05/2008;1024,577513
16/05/2008;1016,108955
19/05/2008;1016,095726
20/05/2008;1009,483165
21/05/2008;1015,603836
22/05/2008;1008,66851
23/05/2008;1003,071455
27/05/2008;999,4953156
28/05/2008;1000,225452
29/05/2008;1010,148556
30/05/2008;1019,779381
3/06/2008;1004,798245
4/06/2008;1015,915876
5/06/2008;1015,360314
6/06/2008;1013,731122
9/06/2008;1004,277444
10/06/2008;990,4982186
11/06/2008;989,390527
12/06/2008;990,2888149
13/06/2008;991,8508025
16/06/2008;991,6570737
17/06/2008;979,8443322
18/06/2008;972,1297674
19/06/2008;941,4709243
20/06/2008;959,2660774
23/06/2008;959,1293176
24/06/2008;956,2226514
25/06/2008;956,1381769
26/06/2008;942,98666
27/06/2008;945,3059585
1/07/2008;924,7011206
2/07/2008;924,4749896
3/07/2008;938,4365018
4/07/2008;943,7551567
7/07/2008;936,9359024
8/07/2008;925,6642981
9/07/2008;932,3546188
10/07/2008;929,8104948
11/07/2008;917,5418424
14/07/2008;915,3960049
15/07/2008;901,6055888
16/07/2008;899,9966686
17/07/2008;909,8346687
18/07/2008;911,3152925
21/07/2008;919,1905389
22/07/2008;917,0862264
23/07/2008;922,51127
24/07/2008;926,0733656
25/07/2008;932,5914467
28/07/2008;921,9372758
29/07/2008;923,1687577
30/07/2008;935,3889676
31/07/2008;944,865226
1/08/2008;943,2263066
4/08/2008;935,9788691
5/08/2008;936,9976145
6/08/2008;931,6128625
8/08/2008;937,2585068
11/08/2008;937,9616918
12/08/2008;934,1222535
13/08/2008;939,6853738
14/08/2008;938,247856
15/08/2008;944,9011414
19/08/2008;941,0236413
20/08/2008;948,7232013
21/08/2008;955,5048495
22/08/2008;955,7167271
25/08/2008;950,3273714
26/08/2008;952,6247239
27/08/2008;956,4317558
28/08/2008;978,3928557
29/08/2008;992,2538195
1/09/2008;1025,096247
2/09/2008;1022,451827
3/09/2008;1017,241948
4/09/2008;1005,959301
5/09/2008;998,9458097
8/09/2008;1010,743289
9/09/2008;1010,516491
10/09/2008;1012,763899
11/09/2008;1025,822781
12/09/2008;1023,764061
15/09/2008;1003,924854
16/09/2008;967,4576925
17/09/2008;950,3935411
18/09/2008;949,6928509
19/09/2008;985,08662
22/09/2008;983,0443895
23/09/2008;963,8319223
24/09/2008;976,2229946
25/09/2008;989,6809138
26/09/2008;983,8690599
29/09/2008;960,907538
30/09/2008;973,5342638
1/10/2008;975,8289974
2/10/2008;965,8551574
3/10/2008;966,1444239
6/10/2008;921,9033726
7/10/2008;915,0459687
8/10/2008;888,0204565
9/10/2008;868,4242884
10/10/2008;794,2778122
14/10/2008;866,7482995
15/10/2008;815,0675144
16/10/2008;782,8537455
17/10/2008;805,002347
20/10/2008;811,1513157
21/10/2008;808,0864618
22/10/2008;766,0325489
23/10/2008;739,7206122
24/10/2008;706,5826847
27/10/2008;686,6453826
28/10/2008;714,5454409
29/10/2008;750,9199528
30/10/2008;778,1893688
31/10/2008;788,7302133
4/11/2008;803,1141819
5/11/2008;778,6890247
6/11/2008;744,2679649
7/11/2008;774,5778845
10/11/2008;774,0747412
11/11/2008;767,3361728
12/11/2008;754,7574699
13/11/2008;751,1030985
14/11/2008;776,939166
18/11/2008;758,9639047
19/11/2008;758,7424757
20/11/2008;751,7715628
21/11/2008;746,1408092
24/11/2008;770,4929017
25/11/2008;774,5749693
26/11/2008;791,3970494
27/11/2008;803,8587334
28/11/2008;803,1149664
1/12/2008;789,2716538
2/12/2008;796,5772192
3/12/2008;816,1602652
4/12/2008;821,9165567
5/12/2008;816,8750393
9/12/2008;840,7556286
10/12/2008;859,4882448
11/12/2008;865,832965
12/12/2008;861,7371211
15/12/2008;867,9860784
16/12/2008;866,4109607
17/12/2008;865,1090289
18/12/2008;856,5377406
19/12/2008;854,9219762
22/12/2008;856,9663292
23/12/2008;856,186154
24/12/2008;851,167602
26/12/2008;850,3981801
29/12/2008;845,0899856
30/12/2008;851,3496552
2/01/2009;861,1714734
5/01/2009;862,2468457
6/01/2009;882,4484772
7/01/2009;870,5504211
8/01/2009;873,3125241
9/01/2009;873,0906387
13/01/2009;871,8388212
14/01/2009;855,9132094
15/01/2009;844,7772943
16/01/2009;846,5067863
19/01/2009;849,0583854
20/01/2009;837,3892769
21/01/2009;832,9167375
22/01/2009;831,8168471
23/01/2009;833,9073805
26/01/2009;845,4228739
27/01/2009;849,94926
28/01/2009;865,4430946
29/01/2009;862,4016535
30/01/2009;869,8021763
2/02/2009;861,596688
3/02/2009;865,7658624
4/02/2009;871,2477702
5/02/2009;872,4584906
6/02/2009;884,2732159
9/02/2009;886,37
10/02/2009;879,72
11/02/2009;874,27
12/02/2009;865,27
13/02/2009;879,41
16/02/2009;875,43
17/02/2009;857,65
18/02/2009;848,07
19/02/2009;849,2
20/02/2009;834,24
23/02/2009;831,19
24/02/2009;825,17
25/02/2009;833,07
26/02/2009;845,42
27/02/2009;852,16
2/03/2009;831,95
3/03/2009;836,43
4/03/2009;847,72
5/03/2009;836,56
6/03/2009;839,26
9/03/2009;837,87
10/03/2009;849,64
11/03/2009;844,1
12/03/2009;849,28
13/03/2009;853,48
16/03/2009;860,68
17/03/2009;858,04
18/03/2009;861,29
19/03/2009;870,05
20/03/2009;865,59
24/03/2009;876,42
25/03/2009;876,51
26/03/2009;874,55
27/03/2009;873,16
30/03/2009;862,14
31/03/2009;874,21
1/04/2009;878,12
2/04/2009;891,09
3/04/2009;887,26
6/04/2009;886,41
7/04/2009;887,58
8/04/2009;882,87
13/04/2009;879,78
14/04/2009;884,57
15/04/2009;888,74
16/04/2009;889,61
17/04/2009;885
20/04/2009;878,58
21/04/2009;880,4
22/04/2009;881,55
23/04/2009;891,19
24/04/2009;914,93
27/04/2009;912,5
28/04/2009;918,25
29/04/2009;933,82
30/04/2009;931,93
4/05/2009;947,85
5/05/2009;953,11
6/05/2009;960,78
7/05/2009;973,07
8/05/2009;1004,96
11/05/2009;996,84
12/05/2009;1003,38
13/05/2009;989
14/05/2009;1001,37
15/05/2009;1001,45
18/05/2009;1012,19
19/05/2009;1022,41
20/05/2009;1024,78
21/05/2009;1007,56
22/05/2009;1008,43
26/05/2009;1016,43
27/05/2009;1012,49
28/05/2009;1024,05
29/05/2009;1031,53
1/06/2009;1054,15
2/06/2009;1049,71
3/06/2009;1042,32
4/06/2009;1052,39
5/06/2009;1052,93
8/06/2009;1048,86
9/06/2009;1051,36
10/06/2009;1056,77
11/06/2009;1074,78
12/06/2009;1076,81
16/06/2009;1066,41
17/06/2009;1072,41
18/06/2009;1079,22
19/06/2009;1090,73
23/06/2009;1089,32
24/06/2009;1090,37
25/06/2009;1098,87
26/06/2009;1094,95
30/06/2009;1102,73
1/07/2009;1119,35
2/07/2009;1119,53
3/07/2009;1116,98
6/07/2009;1110,83
7/07/2009;1113,67
8/07/2009;1103,93
9/07/2009;1085,58
10/07/2009;1083,01
13/07/2009;1082,69
14/07/2009;1089,24
15/07/2009;1090,85
16/07/2009;1092,88
17/07/2009;1104,86
21/07/2009;1113,97
22/07/2009;1120,17
23/07/2009;1141,9
24/07/2009;1146,58
27/07/2009;1143,37
28/07/2009;1126,75
29/07/2009;1122,62
30/07/2009;1147,57
31/07/2009;1156,22
3/08/2009;1165,42
4/08/2009;1168,2
5/08/2009;1162,95
6/08/2009;1169,26
10/08/2009;1174,71
11/08/2009;1162,53
12/08/2009;1171,32
13/08/2009;1179,38
14/08/2009;1180,48
18/08/2009;1176,17
19/08/2009;1181,11
20/08/2009;1192,34
21/08/2009;1202,28
24/08/2009;1229,85
25/08/2009;1227,18
26/08/2009;1218,39
27/08/2009;1210,09
28/08/2009;1214,38
31/08/2009;1209,09
1/09/2009;1178,87
2/09/2009;1182,83
3/09/2009;1173,66
4/09/2009;1192,55
7/09/2009;1200,04
8/09/2009;1219,62
9/09/2009;1219,9
10/09/2009;1218,36
11/09/2009;1216,22
14/09/2009;1212,53
15/09/2009;1244,75
16/09/2009;1248,69
17/09/2009;1245,88
18/09/2009;1269,97
21/09/2009;1266,91
22/09/2009;1276,57
23/09/2009;1288,14
24/09/2009;1290,81
25/09/2009;1305,32
28/09/2009;1331,9
29/09/2009;1321,32
30/09/2009;1328,93
1/10/2009;1315,15
2/10/2009;1318,92
5/10/2009;1335,49
6/10/2009;1356,57
7/10/2009;1355,56
8/10/2009;1346,83
9/10/2009;1333,44
13/10/2009;1303,03
14/10/2009;1294,39
15/10/2009;1294,11
16/10/2009;1301,69
19/10/2009;1330,8
20/10/2009;1315,97
21/10/2009;1317,07
22/10/2009;1308,64
23/10/2009;1303,29
26/10/2009;1288,81
27/10/2009;1277,91
28/10/2009;1279,22
29/10/2009;1289,97
30/10/2009;1257,17
3/11/2009;1240,95
4/11/2009;1262,5
5/11/2009;1280,4
6/11/2009;1279,75
9/11/2009;1303
10/11/2009;1304,06
11/11/2009;1303,86
12/11/2009;1308,45
13/11/2009;1311,43
17/11/2009;1314,81
18/11/2009;1299,42
19/11/2009;1301,12
20/11/2009;1301,85
23/11/2009;1305,65
24/11/2009;1312,26
25/11/2009;1327,17
26/11/2009;1316,16
27/11/2009;1328,31
30/11/2009;1318,05
1/12/2009;1335,21
2/12/2009;1337,22
3/12/2009;1356,57
4/12/2009;1353,58
7/12/2009;1358,31
9/12/2009;1357,77
10/12/2009;1351,02
11/12/2009;1366,34
14/12/2009;1366,46
15/12/2009;1368,48
16/12/2009;1379,58
17/12/2009;1382,63
18/12/2009;1370,34
21/12/2009;1369,56
22/12/2009;1365,23
23/12/2009;1364,13
24/12/2009;1372,72
28/12/2009;1365,06
29/12/2009;1366,35
30/12/2009;1366,85
4/01/2010;1374,28
5/01/2010;1373,23
6/01/2010;1373,89
7/01/2010;1368,91
8/01/2010;1374,72
12/01/2010;1369,53
13/01/2010;1379,91
14/01/2010;1386,91
15/01/2010;1382,66
18/01/2010;1382,07
19/01/2010;1386,01
20/01/2010;1381,8
21/01/2010;1355,28
22/01/2010;1364,33
25/01/2010;1345,31
26/01/2010;1357,8
27/01/2010;1355,8
28/01/2010;1353,57
29/01/2010;1363,67
1/02/2010;1358,49
2/02/2010;1363,85
3/02/2010;1359,43
4/02/2010;1334,8
5/02/2010;1326,08
8/02/2010;1327,03
9/02/2010;1345,54
10/02/2010;1353,7
11/02/2010;1358,21
12/02/2010;1355,84
15/02/2010;1357,59
16/02/2010;1364,53
17/02/2010;1366,11
18/02/2010;1359,64
19/02/2010;1372,51
22/02/2010;1372,84
23/02/2010;1379,75
24/02/2010;1398,47
25/02/2010;1385,85
26/02/2010;1391,02
1/03/2010;1392,91
2/03/2010;1391,36
3/03/2010;1401,53
4/03/2010;1398,81
5/03/2010;1399,63
8/03/2010;1408,35
9/03/2010;1403,17
10/03/2010;1403,82
11/03/2010;1405,26
12/03/2010;1406,49
15/03/2010;1404,42
16/03/2010;1411,71
17/03/2010;1429,4
18/03/2010;1432,3
19/03/2010;1414,1
23/03/2010;1426,74
24/03/2010;1422,69
25/03/2010;1427,24
26/03/2010;1423,02
29/03/2010;1429,29
30/03/2010;1430,71
31/03/2010;1440,58
5/04/2010;1450,93
6/04/2010;1460,3
7/04/2010;1472,19
8/04/2010;1472,76
9/04/2010;1468,95
12/04/2010;1470,7
13/04/2010;1470,91
14/04/2010;1478,47
15/04/2010;1481,14
16/04/2010;1463,27
19/04/2010;1453,14
20/04/2010;1467,76
21/04/2010;1475,06
22/04/2010;1478,51
23/04/2010;1488,05
26/04/2010;1484,44
27/04/2010;1472,11
28/04/2010;1457,28
29/04/2010;1469,22
30/04/2010;1467,26
3/05/2010;1490,16
4/05/2010;1481,63
5/05/2010;1446,55
6/05/2010;1403,06
7/05/2010;1412,8
10/05/2010;1438,18
11/05/2010;1442,63
12/05/2010;1451,06
13/05/2010;1454,93
14/05/2010;1444,27
18/05/2010;1424,49
19/05/2010;1406,37
20/05/2010;1395,99
21/05/2010;1397,39
24/05/2010;1410,93
25/05/2010;1399,25
26/05/2010;1432,82
27/05/2010;1428,47
28/05/2010;1446,48
31/05/2010;1444,54
1/06/2010;1447,26
2/06/2010;1451,91
3/06/2010;1453,36
4/06/2010;1438,3
8/06/2010;1433,27
9/06/2010;1445,53
10/06/2010;1446,34
11/06/2010;1448,08
15/06/2010;1450,71
16/06/2010;1461,39
17/06/2010;1460,56
18/06/2010;1472,41
21/06/2010;1466,78
22/06/2010;1467,67
23/06/2010;1471,95
24/06/2010;1468,73
25/06/2010;1475,04
28/06/2010;1472,02
29/06/2010;1453,6
30/06/2010;1466,78
1/07/2010;1459,01
2/07/2010;1455,04
6/07/2010;1463,82
7/07/2010;1462,31
8/07/2010;1474,59
9/07/2010;1478,49
12/07/2010;1496,79
13/07/2010;1507,16
14/07/2010;1521,17
15/07/2010;1532,45
16/07/2010;1526,67
19/07/2010;1528,75
21/07/2010;1565,5
22/07/2010;1566,33
23/07/2010;1569,86
26/07/2010;1596,49
27/07/2010;1602,61
28/07/2010;1591,33
29/07/2010;1562,05
30/07/2010;1571,62
2/08/2010;1575,01
3/08/2010;1586,92
4/08/2010;1595,44
5/08/2010;1601,01
6/08/2010;1580,41
9/08/2010;1582,51
10/08/2010;1577,34
11/08/2010;1558,12
12/08/2010;1557,42
13/08/2010;1567,78
17/08/2010;1575,02
18/08/2010;1581,48
19/08/2010;1586,73
20/08/2010;1585,6
23/08/2010;1606,82
24/08/2010;1605,58
25/08/2010;1602,95
26/08/2010;1616,93
27/08/2010;1639,89
30/08/2010;1642,91
31/08/2010;1664,18
1/09/2010;1713,81
2/09/2010;1681,03
3/09/2010;1687,24
6/09/2010;1719,62
7/09/2010;1715,27
8/09/2010;1735,68
9/09/2010;1730,15
10/09/2010;1699,91
13/09/2010;1695,47
14/09/2010;1703,11
15/09/2010;1693,44
16/09/2010;1691,32
17/09/2010;1691,24
20/09/2010;1709,46
21/09/2010;1716,15
22/09/2010;1707,34
23/09/2010;1693,47
24/09/2010;1697,26
27/09/2010;1711,46
28/09/2010;1744,84
29/09/2010;1766,22
30/09/2010;1769,5
1/10/2010;1766,79
4/10/2010;1766,42
5/10/2010;1794,73
6/10/2010;1825,05
7/10/2010;1808,89
8/10/2010;1826,38
11/10/2010;1845,91
12/10/2010;1842,54
13/10/2010;1873,5
14/10/2010;1855,43
15/10/2010;1833,59
19/10/2010;1857,75
20/10/2010;1860,52
21/10/2010;1877,98
22/10/2010;1906,66
25/10/2010;1900,1
26/10/2010;1870,75
27/10/2010;1862,84
28/10/2010;1871,21
29/10/2010;1901,83
2/11/2010;1913,88
3/11/2010;1923,28
4/11/2010;1942,37
5/11/2010;1940,38
8/11/2010;1939,96
9/11/2010;1938,49
10/11/2010;1889,62
11/11/2010;1841,69
12/11/2010;1795,09
16/11/2010;1729,16
17/11/2010;1786,89
18/11/2010;1814,13
19/11/2010;1778,83
22/11/2010;1775,45
23/11/2010;1750,36
24/11/2010;1790,15
25/11/2010;1784,8
26/11/2010;1770,59
29/11/2010;1762,11
30/11/2010;1779,94
1/12/2010;1793,55
2/12/2010;1825,55
3/12/2010;1830,26
6/12/2010;1840,29
7/12/2010;1837,18
9/12/2010;1826,7
10/12/2010;1830,86
13/12/2010;1841,24
14/12/2010;1845,71
15/12/2010;1823,61
16/12/2010;1826,74
17/12/2010;1823,1
20/12/2010;1815,55
21/12/2010;1824,82
22/12/2010;1839,59
23/12/2010;1846,5
24/12/2010;1853,24
27/12/2010;1866,12
28/12/2010;1849,51
29/12/2010;1831,84
30/12/2010;1823,7
3/01/2011;1803
4/01/2011;1810,27
5/01/2011;1790,57
6/01/2011;1766,77
7/01/2011;1781,71
11/01/2011;1763,08
12/01/2011;1784,1
13/01/2011;1801,86
14/01/2011;1796,05
17/01/2011;1801,66
18/01/2011;1790,41
19/01/2011;1766,21
20/01/2011;1741,61
21/01/2011;1756,48
24/01/2011;1759,99
25/01/2011;1754,92
26/01/2011;1771,55
27/01/2011;1773,04
28/01/2011;1768,13
31/01/2011;1762,43
1/02/2011;1759,61
2/02/2011;1745,24
3/02/2011;1735,96
4/02/2011;1709,06
7/02/2011;1691,87
8/02/2011;1710,54
9/02/2011;1696,85
10/02/2011;1687,92
11/02/2011;1694,51
14/02/2011;1703,39
15/02/2011;1692,43
16/02/2011;1689,95
17/02/2011;1666,93
18/02/2011;1644,66
21/02/2011;1658,33
22/02/2011;1661,43
23/02/2011;1698,63
24/02/2011;1699,17
25/02/2011;1713,4
28/02/2011;1750,97
1/03/2011;1762,02
2/03/2011;1760,13
3/03/2011;1782,06
4/03/2011;1788,14
7/03/2011;1778,92
8/03/2011;1757,98
9/03/2011;1765,67
10/03/2011;1728,54
11/03/2011;1699,01
14/03/2011;1685,54
15/03/2011;1645,96
16/03/2011;1638,58
17/03/2011;1708,98
18/03/2011;1739,16
22/03/2011;1740,98
23/03/2011;1743,02
24/03/2011;1742,05
25/03/2011;1727,79
28/03/2011;1721,7
29/03/2011;1708,76
30/03/2011;1703,93
31/03/2011;1718,45
1/04/2011;1708,59
4/04/2011;1708,53
5/04/2011;1722,18
6/04/2011;1719,57
7/04/2011;1723,94
8/04/2011;1708,66
11/04/2011;1703,1
12/04/2011;1676,58
13/04/2011;1682,54
14/04/2011;1670,12
15/04/2011;1670,18
18/04/2011;1653,76
19/04/2011;1661,23
20/04/2011;1691,73
25/04/2011;1689,11
26/04/2011;1697,39
27/04/2011;1690,59
28/04/2011;1697,39
29/04/2011;1700,68
2/05/2011;1692,14
3/05/2011;1671,95
4/05/2011;1675,38
5/05/2011;1643,3
6/05/2011;1652,88
9/05/2011;1670,42
10/05/2011;1692,77
11/05/2011;1697,55
12/05/2011;1703,03
13/05/2011;1706,76
16/05/2011;1700,03
17/05/2011;1713,15
18/05/2011;1710,67
19/05/2011;1706,13
20/05/2011;1710,5
23/05/2011;1709,07
24/05/2011;1721,44
25/05/2011;1717,92
26/05/2011;1733,2
27/05/2011;1732,02
30/05/2011;1737,87
31/05/2011;1760,4
1/06/2011;1753,64
2/06/2011;1752,74
3/06/2011;1753,31
7/06/2011;1750,15
8/06/2011;1755,85
9/06/2011;1753,2
10/06/2011;1751,77
13/06/2011;1730
14/06/2011;1729,69
15/06/2011;1701,98
16/06/2011;1701,45
17/06/2011;1702,44
20/06/2011;1697
21/06/2011;1709,27
22/06/2011;1721,61
23/06/2011;1712,98
24/06/2011;1710,15
28/06/2011;1711,42
29/06/2011;1718,91
30/06/2011;1700,43
1/07/2011;1707,03
5/07/2011;1716,02
6/07/2011;1677,4
7/07/2011;1673,86
8/07/2011;1656,36
11/07/2011;1612,67
12/07/2011;1597,89
13/07/2011;1610,84
14/07/2011;1585,16
15/07/2011;1584,07
18/07/2011;1589,3
19/07/2011;1628,2
21/07/2011;1647,32
22/07/2011;1645,71
25/07/2011;1655,68
26/07/2011;1664,25
27/07/2011;1652,59
28/07/2011;1671,32
29/07/2011;1659,39
1/08/2011;1669,63
2/08/2011;1658,98
3/08/2011;1651,57
4/08/2011;1601,41
5/08/2011;1588,1
8/08/2011;1535,48
9/08/2011;1578,06
10/08/2011;1582,2
11/08/2011;1600,32
12/08/2011;1611,13
16/08/2011;1620,63
17/08/2011;1624,14
18/08/2011;1581,3
19/08/2011;1573,1
22/08/2011;1576,18
23/08/2011;1605,45
24/08/2011;1609,82
25/08/2011;1598,34
26/08/2011;1604,16
29/08/2011;1633,69
30/08/2011;1640,97
31/08/2011;1642,53
1/09/2011;1642,9
2/09/2011;1642,54
5/09/2011;1610,98
6/09/2011;1634,33
7/09/2011;1646,88
8/09/2011;1645,06
9/09/2011;1631,87
12/09/2011;1629,9
13/09/2011;1634,16
14/09/2011;1640,37
15/09/2011;1659,03
16/09/2011;1684,37
19/09/2011;1680,37
20/09/2011;1676,51
21/09/2011;1656,33
22/09/2011;1607,91
23/09/2011;1593,69
26/09/2011;1584,3
27/09/2011;1593,65
28/09/2011;1586,55
29/09/2011;1602,97
30/09/2011;1584,75
3/10/2011;1550,95
4/10/2011;1567,69
5/10/2011;1578,7
6/10/2011;1589,68
7/10/2011;1583,86
10/10/2011;1602,25
11/10/2011;1596,7
12/10/2011;1610,92
13/10/2011;1612,34
14/10/2011;1618,42
18/10/2011;1627,69
19/10/2011;1615,59
20/10/2011;1619,15
21/10/2011;1627,27
24/10/2011;1634,43
25/10/2011;1620,98
26/10/2011;1623,33
27/10/2011;1639,95
28/10/2011;1636,5
31/10/2011;1622,23
1/11/2011;1597,17
2/11/2011;1595,2
3/11/2011;1609,71
4/11/2011;1600,14
8/11/2011;1606,91
9/11/2011;1581,37
10/11/2011;1573,5
11/11/2011;1582,14
15/11/2011;1579,39
16/11/2011;1571,96
17/11/2011;1570,15
18/11/2011;1562,55
21/11/2011;1545,32
22/11/2011;1536,74
23/11/2011;1496,65
24/11/2011;1492,3
25/11/2011;1482,59
28/11/2011;1512,95
29/11/2011;1525,05
30/11/2011;1561,07
1/12/2011;1575,56
2/12/2011;1586,85
5/12/2011;1574,81
6/12/2011;1544,21
7/12/2011;1576,49
9/12/2011;1577,86
12/12/2011;1572,06
13/12/2011;1568,09
14/12/2011;1543,97
15/12/2011;1541,9
16/12/2011;1571,89
19/12/2011;1561,06
20/12/2011;1579,47
21/12/2011;1586,41
22/12/2011;1599,74
23/12/2011;1600,4
26/12/2011;1592,11
27/12/2011;1584,91
28/12/2011;1589,38
29/12/2011;1571,55
2012/01/0/2;1577,71
2012/01/0/3;1601,87
2012/01/0/4;1606,48
2012/01/0/5;1606,09
2012/01/0/6;1599,69
2012/01/1/0;1618,88
2012/01/1/1;1609,94
2012/01/1/2;1585,81
2012/01/1/3;1592,82
2012/01/1/6;1578,22
2012/01/1/7;1597,95
2012/01/1/8;1613,67
2012/01/1/9;1606,49
20/01/2012;1607,26
23/01/2012;1609,92
24/01/2012;1605,29
25/01/2012;1602,73
26/01/2012;1601,27
27/01/2012;1595,77
30/01/2012;1614,01
31/01/2012;1633,62
1/02/2012;1634
2/02/2012;1642,73
3/02/2012;1643,43
6/02/2012;1642,15
7/02/2012;1649,71
8/02/2012;1655,43
9/02/2012;1658,67
10/02/2012;1657,28
13/02/2012;1669,47
14/02/2012;1674,22
15/02/2012;1677,16
16/02/2012;1705,02
17/02/2012;1710,76
20/02/2012;1714,26
21/02/2012;1700,22
22/02/2012;1703,29
23/02/2012;1720,51
24/02/2012;1718,51
27/02/2012;1706,7
28/02/2012;1698,81
29/02/2012;1730,46
1/03/2012;1740,64
2/03/2012;1739,94
5/03/2012;1735,25
6/03/2012;1707,85
7/03/2012;1712,59
8/03/2012;1724,74
9/03/2012;1724,62
12/03/2012;1718,86
13/03/2012;1747,23
14/03/2012;1740,55
15/03/2012;1739,08
16/03/2012;1705
20/03/2012;1713,25
21/03/2012;1714,28
22/03/2012;1706,08
23/03/2012;1732,23
26/03/2012;1747,8
27/03/2012;1736,81
28/03/2012;1737,36
29/03/2012;1751,47
30/03/2012;1743,63
2/04/2012;1741,76
3/04/2012;1741,87
4/04/2012;1742,9
9/04/2012;1744,02
10/04/2012;1739,48
11/04/2012;1755,43
12/04/2012;1756,27
13/04/2012;1748,7
16/04/2012;1761,03
17/04/2012;1765,55
18/04/2012;1762,93
19/04/2012;1750,7
20/04/2012;1754,56
23/04/2012;1746,29
24/04/2012;1736,95
25/04/2012;1749,43
26/04/2012;1759,62
27/04/2012;1769,49
30/04/2012;1785,66
2/05/2012;1814,12
3/05/2012;1812,08
4/05/2012;1799,25
7/05/2012;1802,34
8/05/2012;1796,45
9/05/2012;1793,63
10/05/2012;1779,53
11/05/2012;1775,8
14/05/2012;1740,03
15/05/2012;1733,67
16/05/2012;1737,27
17/05/2012;1707,1
18/05/2012;1715,45
22/05/2012;1732,77
23/05/2012;1727,34
24/05/2012;1720,08
25/05/2012;1713,33
28/05/2012;1701,09
29/05/2012;1712,03
30/05/2012;1693,06
31/05/2012;1726,55
1/06/2012;1680,44
4/06/2012;1664,04
5/06/2012;1660,65
6/06/2012;1673,34
7/06/2012;1676,44
8/06/2012;1672,84
12/06/2012;1656,57
13/06/2012;1653,02
14/06/2012;1665,18
15/06/2012;1649,5
19/06/2012;1676,53
20/06/2012;1686,6
21/06/2012;1638,93
22/06/2012;1633,51
25/06/2012;1593,97
26/06/2012;1595,32
27/06/2012;1626,87
28/06/2012;1610,49
29/06/2012;1640,01
3/07/2012;1669,72
4/07/2012;1666,75
5/07/2012;1673,3
6/07/2012;1667,44
9/07/2012;1660,33
10/07/2012;1654,13
11/07/2012;1666,08
12/07/2012;1644,65
13/07/2012;1657,84
16/07/2012;1655,1
17/07/2012;1660,46
18/07/2012;1665,54
19/07/2012;1671,02
23/07/2012;1658,12
24/07/2012;1658,8
25/07/2012;1642,76
26/07/2012;1650,02
27/07/2012;1684,97
30/07/2012;1683,09
31/07/2012;1673,87
1/08/2012;1668,16
2/08/2012;1651,66
3/08/2012;1644,62
6/08/2012;1638,69
8/08/2012;1612,62
9/08/2012;1652,22
10/08/2012;1661,68
13/08/2012;1656,32
14/08/2012;1667,12
15/08/2012;1678,45
16/08/2012;1684,47
17/08/2012;1686,75
21/08/2012;1673,75
22/08/2012;1677,78
23/08/2012;1679
24/08/2012;1672,59
27/08/2012;1675,66
28/08/2012;1683,2
29/08/2012;1675,2
30/08/2012;1667,96
31/08/2012;1668,5
3/09/2012;1667,1
4/09/2012;1655,2
5/09/2012;1650,16
6/09/2012;1680,96
7/09/2012;1689,54
10/09/2012;1683,06
11/09/2012;1685,2
12/09/2012;1683,19
13/09/2012;1695,77
14/09/2012;1708,52
17/09/2012;1681,37
18/09/2012;1688,66
19/09/2012;1705,1
20/09/2012;1703,79
21/09/2012;1709,38
24/09/2012;1696,13
25/09/2012;1686,1
26/09/2012;1683,52
27/09/2012;1695,75
28/09/2012;1681,08
1/10/2012;1683,4
2/10/2012;1695,46
3/10/2012;1692,75
4/10/2012;1703,7
5/10/2012;1704,62
8/10/2012;1702,03
9/10/2012;1695,89
10/10/2012;1698,16
11/10/2012;1700,28
12/10/2012;1706,5
16/10/2012;1721,62
17/10/2012;1753,63
18/10/2012;1775,3
19/10/2012;1780,11
22/10/2012;1795,74
23/10/2012;1790,49
24/10/2012;1795,58
25/10/2012;1832,14
26/10/2012;1830,06
29/10/2012;1835,82
30/10/2012;1813,4
31/10/2012;1809,93
1/11/2012;1771,46
2/11/2012;1754,39
6/11/2012;1742,77
7/11/2012;1700,88
8/11/2012;1745,4
9/11/2012;1749,79
13/11/2012;1743,09
14/11/2012;1730,7
15/11/2012;1741,54
16/11/2012;1739,37
19/11/2012;1743,83
20/11/2012;1743,33
21/11/2012;1748,26
22/11/2012;1746
23/11/2012;1743,39
26/11/2012;1735,06
27/11/2012;1733,01
28/11/2012;1738,19
29/11/2012;1747,27
30/11/2012;1759,53
3/12/2012;1767,42
4/12/2012;1773,75
5/12/2012;1792,97
6/12/2012;1796,93
7/12/2012;1800,19
10/12/2012;1803,63
11/12/2012;1814,31
12/12/2012;1818,73
13/12/2012;1812,26
14/12/2012;1806,78
17/12/2012;1808,61
18/12/2012;1809,56
19/12/2012;1821,91
20/12/2012;1815,15
21/12/2012;1814,73
24/12/2012;1825,23
26/12/2012;1822,46
27/12/2012;1835,38
28/12/2012;1832,75
2/01/2013;1824,93
3/01/2013;1842,71
4/01/2013;1848,41
8/01/2013;1832,04
9/01/2013;1844,33
10/01/2013;1837,77
11/01/2013;1837,01
14/01/2013;1840,19
15/01/2013;1838,7
16/01/2013;1841,42
17/01/2013;1833,38
18/01/2013;1845,22
21/01/2013;1843,72
22/01/2013;1852,93
23/01/2013;1856,36
24/01/2013;1863,83
25/01/2013;1866,62
28/01/2013;1859,88
29/01/2013;1867,65
30/01/2013;1869,98
31/01/2013;1866,21
1/02/2013;1878,38
4/02/2013;1876,35
5/02/2013;1889,3
6/02/2013;1880,02
7/02/2013;1870,5
8/02/2013;1870,73
11/02/2013;1858,65
12/02/2013;1860,3
13/02/2013;1873,38
14/02/2013;1873,52
15/02/2013;1859,54
18/02/2013;1862,53
19/02/2013;1849,53
20/02/2013;1845,03
21/02/2013;1844,07
22/02/2013;1851,93
25/02/2013;1852,96
26/02/2013;1846,31
27/02/2013;1847,63
28/02/2013;1844,49
1/03/2013;1839,74
4/03/2013;1822,46
5/03/2013;1815,27
6/03/2013;1806,97
7/03/2013;1790,98
8/03/2013;1792,26
11/03/2013;1793,99
12/03/2013;1800,66
13/03/2013;1790,1
14/03/2013;1789,81
15/03/2013;1806,67
18/03/2013;1779,81
19/03/2013;1760,23
20/03/2013;1759,56
21/03/2013;1758,44
22/03/2013;1760,05
26/03/2013;1773,98
27/03/2013;1774,86
1/04/2013;1770,09
2/04/2013;1769,61
3/04/2013;1746,9
4/04/2013;1756,97
5/04/2013;1758,88
8/04/2013;1745,89
9/04/2013;1739,58
10/04/2013;1742,18
11/04/2013;1750,72
12/04/2013;1733,9
15/04/2013;1682,2
16/04/2013;1705,48
17/04/2013;1699,94
18/04/2013;1703,49
19/04/2013;1705,98
22/04/2013;1713,68
23/04/2013;1713,35
24/04/2013;1715,77
25/04/2013;1715,96
26/04/2013;1705,11
29/04/2013;1700,13
30/04/2013;1684,88
2/05/2013;1695,64
3/05/2013;1698,54
6/05/2013;1686,81
7/05/2013;1688,35
8/05/2013;1674,3
9/05/2013;1674,21
10/05/2013;1654,77
14/05/2013;1663,53
15/05/2013;1677,53
16/05/2013;1686,64
17/05/2013;1689,89
20/05/2013;1681,81
21/05/2013;1690,57
22/05/2013;1694,68
23/05/2013;1699,53
24/05/2013;1704,66
27/05/2013;1704,2
28/05/2013;1716,23
29/05/2013;1708,44
30/05/2013;1702,68
31/05/2013;1666,25
4/06/2013;1685,12
5/06/2013;1682,02
6/06/2013;1677,52
7/06/2013;1672,83
11/06/2013;1653,52
12/06/2013;1629,7
13/06/2013;1629,59
14/06/2013;1636,9
17/06/2013;1635,23
18/06/2013;1655,85
19/06/2013;1650,73
20/06/2013;1614,17
21/06/2013;1595,35
24/06/2013;1570,66
25/06/2013;1557,29
26/06/2013;1574,5
27/06/2013;1577,39
28/06/2013;1615,84
2/07/2013;1613,05
3/07/2013;1607,03
4/07/2013;1610,45
5/07/2013;1597,41
8/07/2013;1586,14
9/07/2013;1575,68
10/07/2013;1550,7
11/07/2013;1584,43
12/07/2013;1604,24
15/07/2013;1634,75
16/07/2013;1644,74
17/07/2013;1666,87
18/07/2013;1680,11
19/07/2013;1685,63
22/07/2013;1666,29
23/07/2013;1694,59
24/07/2013;1704,86
25/07/2013;1701,29
26/07/2013;1694,34
29/07/2013;1689,53
30/07/2013;1694,9
31/07/2013;1680,7
1/08/2013;1706
2/08/2013;1721,95
5/08/2013;1718,45
6/08/2013;1720,03
8/08/2013;1716,4
9/08/2013;1720,67
12/08/2013;1722,91
13/08/2013;1736,35
14/08/2013;1747,11
15/08/2013;1730,41
16/08/2013;1727,74
20/08/2013;1725,64
21/08/2013;1723,34
22/08/2013;1722,35
23/08/2013;1720,68
26/08/2013;1714,15
27/08/2013;1714,14
28/08/2013;1734
29/08/2013;1721,94
30/08/2013;1729,62
2/09/2013;1732,65
3/09/2013;1737,62
4/09/2013;1746,9
5/09/2013;1746,75
6/09/2013;1736,54
9/09/2013;1752,76
10/09/2013;1765,98
11/09/2013;1770,01
12/09/2013;1768,04
13/09/2013;1761,31
16/09/2013;1758,74
17/09/2013;1766,95
18/09/2013;1766
19/09/2013;1765,99
20/09/2013;1767,5
23/09/2013;1773,48
24/09/2013;1775,35
25/09/2013;1777
26/09/2013;1765,51
27/09/2013;1768,52
30/09/2013;1752,26
1/10/2013;1757,92
2/10/2013;1756,97
3/10/2013;1754,75
4/10/2013;1751,71
7/10/2013;1753,6
8/10/2013;1757,29
9/10/2013;1751,06
10/10/2013;1756,77
11/10/2013;1763,11
15/10/2013;1766,44
16/10/2013;1770,06
17/10/2013;1772,17
18/10/2013;1781
21/10/2013;1779,67
22/10/2013;1773,52
23/10/2013;1771,25
24/10/2013;1775,05
25/10/2013;1773,84
28/10/2013;1763,16
29/10/2013;1763,01
30/10/2013;1758,37
31/10/2013;1742,94
1/11/2013;1752,97
5/11/2013;1734,76
6/11/2013;1736,78
7/11/2013;1713,84
8/11/2013;1678,18
12/11/2013;1626,07
13/11/2013;1663
14/11/2013;1672,18
15/11/2013;1672,1
18/11/2013;1670,99
19/11/2013;1666,26
20/11/2013;1662,73
21/11/2013;1659,55
22/11/2013;1655,24
25/11/2013;1635,5
26/11/2013;1625,62
27/11/2013;1622,53
28/11/2013;1627,07
29/11/2013;1630,19
2/12/2013;1625,93
3/12/2013;1626,99
4/12/2013;1587,37
5/12/2013;1610,28
6/12/2013;1599,52
9/12/2013;1614,63
10/12/2013;1624
11/12/2013;1630,84
12/12/2013;1646,73
13/12/2013;1638,2
16/12/2013;1606,98
17/12/2013;1616,45
18/12/2013;1600,13
19/12/2013;1607,44
20/12/2013;1630,43
23/12/2013;1602,6
24/12/2013;1613,81
26/12/2013;1602,72
27/12/2013;1601,5
30/12/2013;1606,33
2/01/2014;1611,77
3/01/2014;1601,29
7/01/2014;1575,61
8/01/2014;1566,28
9/01/2014;1563,4
10/01/2014;1542,07
13/01/2014;1539,48
14/01/2014;1542,3
15/01/2014;1548,29
16/01/2014;1535,34
17/01/2014;1536,08
20/01/2014;1537,99
21/01/2014;1533,29
22/01/2014;1541,94
23/01/2014;1516,2
24/01/2014;1494,77
27/01/2014;1473,27
28/01/2014;1461
29/01/2014;1452,68
30/01/2014;1453,56
31/01/2014;1460,04
3/02/2014;1448,74
4/02/2014;1451,76
5/02/2014;1465,76
6/02/2014;1487,61
7/02/2014;1499,57
10/02/2014;1484,52
11/02/2014;1497,94
12/02/2014;1515,4
13/02/2014;1520,23
14/02/2014;1527,35
17/02/2014;1524,79
18/02/2014;1534,93
19/02/2014;1546,07
20/02/2014;1525,21
21/02/2014;1520,6
24/02/2014;1535,11
25/02/2014;1501,4
26/02/2014;1488,44
27/02/2014;1495,01
28/02/2014;1520,74
3/03/2014;1504,11
4/03/2014;1539,33
5/03/2014;1563,41
6/03/2014;1588,91
7/03/2014;1571,84
10/03/2014;1571,44
11/03/2014;1586,04
12/03/2014;1584,93
13/03/2014;1597,85
14/03/2014;1589,85
17/03/2014;1596,76
18/03/2014;1592,49
19/03/2014;1595,18
20/03/2014;1608,99
21/03/2014;1607,95
25/03/2014;1639,02
26/03/2014;1646,01
27/03/2014;1663,84
28/03/2014;1673,72
31/03/2014;1688,3
1/04/2014;1691,88
2/04/2014;1707,22
3/04/2014;1713,01
4/04/2014;1703,12
7/04/2014;1682,99
8/04/2014;1673,08
9/04/2014;1668,97
10/04/2014;1681,42
11/04/2014;1676,8
14/04/2014;1688,17
15/04/2014;1669,24
16/04/2014;1677,73
21/04/2014;1668,85
22/04/2014;1654,78
23/04/2014;1649,67
24/04/2014;1634,54
25/04/2014;1641,46
28/04/2014;1642,1
29/04/2014;1653,62
30/04/2014;1672,47
2/05/2014;1659,54
5/05/2014;1650,36
6/05/2014;1651,95
7/05/2014;1663,76
8/05/2014;1674,28
9/05/2014;1674,22
12/05/2014;1686,47
13/05/2014;1688,91
14/05/2014;1689,49
15/05/2014;1676,77
16/05/2014;1685,11
19/05/2014;1683,19
20/05/2014;1662,45
21/05/2014;1673,48
22/05/2014;1664,57
23/05/2014;1666,79
26/05/2014;1663,96
27/05/2014;1663,46
28/05/2014;1661,55
29/05/2014;1662,86
30/05/2014;1659,05
3/06/2014;1678,97
4/06/2014;1675,34
5/06/2014;1682,81
6/06/2014;1676,84
9/06/2014;1683,87
10/06/2014;1714,03
11/06/2014;1720,6
12/06/2014;1714,84
13/06/2014;1716,81
16/06/2014;1728,28
17/06/2014;1719,06
18/06/2014;1722,24
19/06/2014;1720,16
20/06/2014;1725,13
24/06/2014;1723,7
25/06/2014;1717,65
26/06/2014;1710,67
27/06/2014;1705,99
1/07/2014;1705,14
2/07/2014;1703,39
3/07/2014;1705,49
4/07/2014;1704,32
7/07/2014;1701,44
8/07/2014;1695,6
9/07/2014;1684,34
10/07/2014;1674,48
11/07/2014;1684,25
14/07/2014;1673,99
15/07/2014;1680,12
16/07/2014;1687
17/07/2014;1688,55
18/07/2014;1689,55
21/07/2014;1689,25
22/07/2014;1697,12
23/07/2014;1695,55
24/07/2014;1693,63
25/07/2014;1700,91
28/07/2014;1714,94
29/07/2014;1706,94
30/07/2014;1710,59
31/07/2014;1694,59
1/08/2014;1693,06
4/08/2014;1712,97
5/08/2014;1724,24
6/08/2014;1720,24
8/08/2014;1719,88
11/08/2014;1740,83
12/08/2014;1720,34
13/08/2014;1726,32
14/08/2014;1723,15
15/08/2014;1722,54
19/08/2014;1731,95
20/08/2014;1750,67
21/08/2014;1755,26
22/08/2014;1747,13
25/08/2014;1749,93
26/08/2014;1754,19
27/08/2014;1764,1
28/08/2014;1763,51
29/08/2014;1771,18
1/09/2014;1776,76
2/09/2014;1777,53
3/09/2014;1780,25
4/09/2014;1769,38
5/09/2014;1761,69
8/09/2014;1749,84
9/09/2014;1741,59
10/09/2014;1744,09
11/09/2014;1733,52
12/09/2014;1734,98
15/09/2014;1732,93
16/09/2014;1728,09
17/09/2014;1735,42
18/09/2014;1741,58
19/09/2014;1739,41
22/09/2014;1730,8
23/09/2014;1696,34
24/09/2014;1688,37
25/09/2014;1675,14
26/09/2014;1678
29/09/2014;1678,48
30/09/2014;1665,7
1/10/2014;1635,43
2/10/2014;1629,09
3/10/2014;1654,23
6/10/2014;1669,03
7/10/2014;1655,85
8/10/2014;1643,31
9/10/2014;1640,36
10/10/2014;1601,8
14/10/2014;1590,3
15/10/2014;1580,26
16/10/2014;1603,09
17/10/2014;1626,66
20/10/2014;1617,07
21/10/2014;1626,33
22/10/2014;1613,1
23/10/2014;1624,99
24/10/2014;1624,17
27/10/2014;1608,76
28/10/2014;1610,34
29/10/2014;1615,05
30/10/2014;1626,22
31/10/2014;1634,88
4/11/2014;1625,32
5/11/2014;1633,61
6/11/2014;1640,47
7/11/2014;1638,79
10/11/2014;1635,71
11/11/2014;1620,88
12/11/2014;1623,63
13/11/2014;1606,43
14/11/2014;1603,88
18/11/2014;1593,06
19/11/2014;1592,31
20/11/2014;1590,12
21/11/2014;1598,59
24/11/2014;1584,42
25/11/2014;1572,95
26/11/2014;1551,89
27/11/2014;1532,87
28/11/2014;1525,68
1/12/2014;1510,06
2/12/2014;1497,59
3/12/2014;1515,62
4/12/2014;1495,97
5/12/2014;1500,51
9/12/2014;1488,4
10/12/2014;1444,01
11/12/2014;1410,95
12/12/2014;1382,75
15/12/2014;1348,38
16/12/2014;1373,03
17/12/2014;1428,4
18/12/2014;1433,69
19/12/2014;1462,06
22/12/2014;1525,01
23/12/2014;1537,38
24/12/2014;1538,88
26/12/2014;1517,25
29/12/2014;1507,53
30/12/2014;1512,98
2/01/2015;1483,89
5/01/2015;1418,74
6/01/2015;1419,92
7/01/2015;1422,2
8/01/2015;1433,37
9/01/2015;1426,77
13/01/2015;1412,2
14/01/2015;1387,56
15/01/2015;1380,65
16/01/2015;1376,3
19/01/2015;1376,17
20/01/2015;1377,29
21/01/2015;1388,17
22/01/2015;1411,78
23/01/2015;1423,28
26/01/2015;1426,48
27/01/2015;1423,89
28/01/2015;1407,79
29/01/2015;1407,92
30/01/2015;1389
2/02/2015;1408,2
3/02/2015;1436,19
4/02/2015;1428,45
5/02/2015;1434,46
6/02/2015;1437,03
9/02/2015;1425,57
10/02/2015;1402,65
11/02/2015;1381,74
12/02/2015;1381,46
13/02/2015;1397,81
16/02/2015;1398,97
17/02/2015;1397,2
18/02/2015;1397,93
19/02/2015;1386,78
20/02/2015;1368,85
23/02/2015;1375,86
24/02/2015;1365,36
25/02/2015;1362,71
26/02/2015;1361,95
27/02/2015;1367,58
2/03/2015;1342,89
3/03/2015;1317,12
4/03/2015;1321,63
5/03/2015;1311,62
6/03/2015;1280,43
9/03/2015;1257,87
10/03/2015;1249,94
11/03/2015;1249,83
12/03/2015;1269,88
13/03/2015;1281,95
16/03/2015;1288,16
17/03/2015;1288,6
18/03/2015;1304,89
19/03/2015;1297,34
20/03/2015;1292,36
24/03/2015;1284,87
25/03/2015;1297,88
26/03/2015;1300,04
27/03/2015;1294,9
30/03/2015;1297,14
31/03/2015;1304,62
1/04/2015;1329,8
6/04/2015;1350,52
7/04/2015;1355,85
8/04/2015;1344,58
9/04/2015;1350,77
10/04/2015;1347,8
13/04/2015;1357,47
14/04/2015;1358,76
15/04/2015;1362,53
16/04/2015;1367,14
17/04/2015;1363,89
20/04/2015;1347,89
21/04/2015;1330,31
22/04/2015;1346,53
23/04/2015;1357,85
24/04/2015;1374,49
27/04/2015;1392,29
28/04/2015;1411,62
29/04/2015;1405,71
30/04/2015;1396,35
4/05/2015;1401,16
5/05/2015;1418,06
6/05/2015;1411,22
7/05/2015;1378,04
8/05/2015;1367,28
11/05/2015;1366,06
12/05/2015;1361,8
13/05/2015;1358,35
14/05/2015;1360,76
15/05/2015;1357
19/05/2015;1368,58
20/05/2015;1363,42
21/05/2015;1356,61
22/05/2015;1353,62
25/05/2015;1347,77
26/05/2015;1336,89
27/05/2015;1310,79
28/05/2015;1307,17
29/05/2015;1306,62
1/06/2015;1301,17
2/06/2015;1309,26
3/06/2015;1311,78
4/06/2015;1309,09
5/06/2015;1320,31
9/06/2015;1319,23
10/06/2015;1323,54
11/06/2015;1333,75
12/06/2015;1330,18
16/06/2015;1321,1
17/06/2015;1320,69
18/06/2015;1325,8
19/06/2015;1307,51
22/06/2015;1313,33
23/06/2015;1332,08
24/06/2015;1329,42
25/06/2015;1313,83
26/06/2015;1321,82
30/06/2015;1331,35
1/07/2015;1313,53
2/07/2015;1320,06
3/07/2015;1312,67
6/07/2015;1309,68
7/07/2015;1305,92
8/07/2015;1295,54
9/07/2015;1300,57
10/07/2015;1310,59
13/07/2015;1314,02
14/07/2015;1325,39
15/07/2015;1324,37
16/07/2015;1326,44
17/07/2015;1309,45
21/07/2015;1300,58
22/07/2015;1306,33
23/07/2015;1307,4
24/07/2015;1303,25
27/07/2015;1293,07
28/07/2015;1297,62
29/07/2015;1325,32
30/07/2015;1321,96
31/07/2015;1317,24
3/08/2015;1298,76
4/08/2015;1297,64
5/08/2015;1288,67
6/08/2015;1290,79
10/08/2015;1285,35
11/08/2015;1271,62
12/08/2015;1281,04
13/08/2015;1272,49
14/08/2015;1269,22
18/08/2015;1260,95
19/08/2015;1240,35
20/08/2015;1228,87
21/08/2015;1192,75
24/08/2015;1150,78
25/08/2015;1149,53
26/08/2015;1152,87
27/08/2015;1198,78
28/08/2015;1217,95
31/08/2015;1246,59
1/09/2015;1210,78
2/09/2015;1218,88
3/09/2015;1238,95
4/09/2015;1235,97
7/09/2015;1241,61
8/09/2015;1244,63
9/09/2015;1233,84
10/09/2015;1255,39
11/09/2015;1249,58
14/09/2015;1250,32
15/09/2015;1253,6
16/09/2015;1265,28
17/09/2015;1264,14
18/09/2015;1248,58
21/09/2015;1233,98
22/09/2015;1215,45
23/09/2015;1208,77
24/09/2015;1219,38
25/09/2015;1215,27
28/09/2015;1203,12
29/09/2015;1202,27
30/09/2015;1218,82
1/10/2015;1210,19
2/10/2015;1218,08
5/10/2015;1237,75
6/10/2015;1254,98
7/10/2015;1274,33
8/10/2015;1280,55
9/10/2015;1280,18
13/10/2015;1274,28
14/10/2015;1258,68
15/10/2015;1251,02
16/10/2015;1251,59
19/10/2015;1246,6
20/10/2015;1245,97
21/10/2015;1245,11
22/10/2015;1248,61
23/10/2015;1249,12
26/10/2015;1248,49
27/10/2015;1238,47
28/10/2015;1228,93
29/10/2015;1219,48
30/10/2015;1218,13
3/11/2015;1217,93
4/11/2015;1218,39
5/11/2015;1225,68
6/11/2015;1222,87
9/11/2015;1217,49
10/11/2015;1213,44
11/11/2015;1204,62
12/11/2015;1182,47
13/11/2015;1152,13
17/11/2015;1112,05
18/11/2015;1125,57
19/11/2015;1120,45
20/11/2015;1139,17
23/11/2015;1140,28
24/11/2015;1124,6
25/11/2015;1108,53
26/11/2015;1104,06
27/11/2015;1092,95
30/11/2015;1114,36
1/12/2015;1109,45
2/12/2015;1091,47
3/12/2015;1081,21
4/12/2015;1070,93
7/12/2015;1051,25
9/12/2015;1062,02
10/12/2015;1080,06
11/12/2015;1074,88
14/12/2015;1074,26
15/12/2015;1101,24
16/12/2015;1129,78
17/12/2015;1140,85
18/12/2015;1139,99
21/12/2015;1131,27
22/12/2015;1128,73
23/12/2015;1161,02
24/12/2015;1154,77
28/12/2015;1152,22
29/12/2015;1148,25
30/12/2015;1153,71
4/01/2016;1129,71
5/01/2016;1142,4
6/01/2016;1129,32
7/01/2016;1105,73
8/01/2016;1098,32
12/01/2016;1079,28
13/01/2016;1096,68
14/01/2016;1128,65
15/01/2016;1103,26
18/01/2016;1078,69
19/01/2016;1100,3
20/01/2016;1109,33
21/01/2016;1124,79
22/01/2016;1151,62
25/01/2016;1139,32
26/01/2016;1146,36
27/01/2016;1153,46
28/01/2016;1165,38
29/01/2016;1175,09
1/02/2016;1180,72
2/02/2016;1165,77
3/02/2016;1180,66
4/02/2016;1188,73
5/02/2016;1195,11
8/02/2016;1192,98
9/02/2016;1196,9
10/02/2016;1200,42
11/02/2016;1198,51
12/02/2016;1209,03
15/02/2016;1209,88
16/02/2016;1199,98
17/02/2016;1233,34
18/02/2016;1235,89
19/02/2016;1234,93
22/02/2016;1236,37
23/02/2016;1229,65
24/02/2016;1228,18
25/02/2016;1240,13
26/02/2016;1246,68
29/02/2016;1244,17
1/03/2016;1255,54
2/03/2016;1276,63
3/03/2016;1295,43
4/03/2016;1294,86
7/03/2016;1307,17
8/03/2016;1294,63
9/03/2016;1296,27
10/03/2016;1299,45
11/03/2016;1302,71
14/03/2016;1298,48
15/03/2016;1285,34
16/03/2016;1284,4
17/03/2016;1295,89
18/03/2016;1309,81
22/03/2016;1316,92
23/03/2016;1321,05
28/03/2016;1305,41
29/03/2016;1299,65
30/03/2016;1319,77
31/03/2016;1336,27
1/04/2016;1333,63
4/04/2016;1337,58
5/04/2016;1313,19
6/04/2016;1321,5
7/04/2016;1316,11
8/04/2016;1326,57
11/04/2016;1336,37
12/04/2016;1364,13
13/04/2016;1370,62
14/04/2016;1364,97
15/04/2016;1355,2
18/04/2016;1354,76
19/04/2016;1362,84
20/04/2016;1376,61
21/04/2016;1375,95
22/04/2016;1374,41
25/04/2016;1359,25
26/04/2016;1365,2
27/04/2016;1361,98
28/04/2016;1362,02
29/04/2016;1342,42
2/05/2016;1342,5
3/05/2016;1320,18
4/05/2016;1311,83
5/05/2016;1291,14
6/05/2016;1293,03
10/05/2016;1328,6
11/05/2016;1336,35
12/05/2016;1351,39
13/05/2016;1350,36
16/05/2016;1357,57
17/05/2016;1343,88
18/05/2016;1327,74
19/05/2016;1323,21
20/05/2016;1322,44
23/05/2016;1325,36
24/05/2016;1319,44
25/05/2016;1306,65
26/05/2016;1302,13
27/05/2016;1302,36
31/05/2016;1292,51
1/06/2016;1301,18
2/06/2016;1303
3/06/2016;1307,83
7/06/2016;1315,86
8/06/2016;1333,46
9/06/2016;1333,48
10/06/2016;1320,48
13/06/2016;1315,23
14/06/2016;1303,33
15/06/2016;1303,83
16/06/2016;1307,77
17/06/2016;1308,41
20/06/2016;1316,2
21/06/2016;1323,65
22/06/2016;1326,25
23/06/2016;1329,58
24/06/2016;1317,71
27/06/2016;1302,39
28/06/2016;1303,28
29/06/2016;1311,52
30/06/2016;1313,18
1/07/2016;1312,98
5/07/2016;1303,46
6/07/2016;1310
7/07/2016;1301,76
8/07/2016;1297,64
11/07/2016;1306,76
12/07/2016;1320,3
13/07/2016;1325,79
14/07/2016;1332,85
15/07/2016;1339,6
18/07/2016;1339
19/07/2016;1337,8
21/07/2016;1328,61
22/07/2016;1332,85
25/07/2016;1323,41
26/07/2016;1315,69
27/07/2016;1321,65
28/07/2016;1317,44
29/07/2016;1308,22
1/08/2016;1306,02
2/08/2016;1303,35
3/08/2016;1304,62
4/08/2016;1307,59
5/08/2016;1309,48
8/08/2016;1314,34
9/08/2016;1323,93
10/08/2016;1322,33
11/08/2016;1327,89
12/08/2016;1323,66
16/08/2016;1342,69
17/08/2016;1348,89
18/08/2016;1348,01
19/08/2016;1349,79
22/08/2016;1349,21
23/08/2016;1358,62
24/08/2016;1369,65
25/08/2016;1370,82
26/08/2016;1373,42
29/08/2016;1371,99
30/08/2016;1373,85
31/08/2016;1380,18
1/09/2016;1379,41
2/09/2016;1394,38
5/09/2016;1397,92
6/09/2016;1402,83
7/09/2016;1417,57
8/09/2016;1416,16
9/09/2016;1397,9
12/09/2016;1386,73
13/09/2016;1367,18
14/09/2016;1373,22
15/09/2016;1373,44
16/09/2016;1354,63
19/09/2016;1354,67
20/09/2016;1341,36
21/09/2016;1341,29
22/09/2016;1358,03
23/09/2016;1351,6
26/09/2016;1346,67
27/09/2016;1333,85
28/09/2016;1354,98
29/09/2016;1345
30/09/2016;1338,83
3/10/2016;1330,57
4/10/2016;1335,1
5/10/2016;1341,33
6/10/2016;1343,44
7/10/2016;1348,2
10/10/2016;1350,33
11/10/2016;1358,07
12/10/2016;1354,61
13/10/2016;1354,4
14/10/2016;1346,07
18/10/2016;1355,72
19/10/2016;1364,02
20/10/2016;1361,15
21/10/2016;1362,97
24/10/2016;1359,2
25/10/2016;1356,98
26/10/2016;1357,49
27/10/2016;1359,7
28/10/2016;1360,96
31/10/2016;1365,53
1/11/2016;1370,75
2/11/2016;1368,45
3/11/2016;1356,01
4/11/2016;1345,66
8/11/2016;1354,91
9/11/2016;1354,68
10/11/2016;1319,51
11/11/2016;1299,03
15/11/2016;1297,07
16/11/2016;1300,09
17/11/2016;1305,81
18/11/2016;1307,44
21/11/2016;1312,87
22/11/2016;1307,21
23/11/2016;1308,87
24/11/2016;1308,94
25/11/2016;1295,67
28/11/2016;1289,97
29/11/2016;1271,11
30/11/2016;1286,07
1/12/2016;1297,33
2/12/2016;1306,56
5/12/2016;1314,74
6/12/2016;1316,82
7/12/2016;1314,38
9/12/2016;1324,8
12/12/2016;1323,19
13/12/2016;1335,46
14/12/2016;1325,78
15/12/2016;1339,89
16/12/2016;1341,58
19/12/2016;1340,08
20/12/2016;1345,87
21/12/2016;1342,25
22/12/2016;1340,06
23/12/2016;1330,31
26/12/2016;1341,31
27/12/2016;1339,06
28/12/2016;1353,65
29/12/2016;1351,68
2/01/2017;1345,89
3/01/2017;1354,82
4/01/2017;1373,04
5/01/2017;1377,88
6/01/2017;1374,08
10/01/2017;1372,5
11/01/2017;1375,14
12/01/2017;1369,64
13/01/2017;1369,62
16/01/2017;1361,05
17/01/2017;1361,48
18/01/2017;1360,54
19/01/2017;1359,6
20/01/2017;1354,35
23/01/2017;1355,43
24/01/2017;1366,91
25/01/2017;1365,24
26/01/2017;1371,38
27/01/2017;1372,59
30/01/2017;1364,9
31/01/2017;1357,47
1/02/2017;1357,83
2/02/2017;1366,79
3/02/2017;1369,79
6/02/2017;1367,92
7/02/2017;1360,65
8/02/2017;1350,27
9/02/2017;1345,97
10/02/2017;1347,4
13/02/2017;1351,36
14/02/2017;1320,97
15/02/2017;1334,88
16/02/2017;1344,46
17/02/2017;1341,83
20/02/2017;1340,99
21/02/2017;1336,52
22/02/2017;1331,2
23/02/2017;1341,65
24/02/2017;1333,57
27/02/2017;1334,45
28/02/2017;1326,31
1/03/2017;1328,63
2/03/2017;1326,81
3/03/2017;1329,58
6/03/2017;1334,02
7/03/2017;1332,81
8/03/2017;1324,54
9/03/2017;1330,35
10/03/2017;1335,67
13/03/2017;1342,42
14/03/2017;1317,98
15/03/2017;1329,96
16/03/2017;1342,21
17/03/2017;1337,29
21/03/2017;1343,97
22/03/2017;1351,16
23/03/2017;1359,19
24/03/2017;1355,53
27/03/2017;1356,01
28/03/2017;1363,61
29/03/2017;1364,61
30/03/2017;1369,88
31/03/2017;1365,61
3/04/2017;1368,39
4/04/2017;1368,12
5/04/2017;1371,46
6/04/2017;1370,05
7/04/2017;1368,98
10/04/2017;1375,9
11/04/2017;1374,43
12/04/2017;1378,28
17/04/2017;1371,98
18/04/2017;1371,75
19/04/2017;1363,44
20/04/2017;1363,34
21/04/2017;1362,33
24/04/2017;1366,49
25/04/2017;1372,42
26/04/2017;1374,66
27/04/2017;1362,45
28/04/2017;1371,54
2/05/2017;1373,17
3/05/2017;1370,13
4/05/2017;1376,63
5/05/2017;1384,92
8/05/2017;1403,19
9/05/2017;1407,13
10/05/2017;1414,84
11/05/2017;1421,84
12/05/2017;1443,56
15/05/2017;1458,09
16/05/2017;1449,37
17/05/2017;1437,84
18/05/2017;1429,41
19/05/2017;1436,19
22/05/2017;1436,81
23/05/2017;1444,14
24/05/2017;1446,19
25/05/2017;1444,39
26/05/2017;1448,93
30/05/2017;1444,09
31/05/2017;1439,48
1/06/2017;1442,83
2/06/2017;1441,81
5/06/2017;1445,06
6/06/2017;1456,53
7/06/2017;1451,37
8/06/2017;1450,26
9/06/2017;1450,45
12/06/2017;1446,91
13/06/2017;1450,43
14/06/2017;1456,73
15/06/2017;1456,39
16/06/2017;1464,77
20/06/2017;1450,82
21/06/2017;1436,7
22/06/2017;1435,57
23/06/2017;1435,12
27/06/2017;1437,72
28/06/2017;1449,22
29/06/2017;1458,71
30/06/2017;1462,9
4/07/2017;1475,15
5/07/2017;1480,52
6/07/2017;1481,32
7/07/2017;1470,32
10/07/2017;1467,37
11/07/2017;1474,7
12/07/2017;1490,01
13/07/2017;1492,09
14/07/2017;1487,8
17/07/2017;1487,54
18/07/2017;1479,95
19/07/2017;1468,63
21/07/2017;1471,34
24/07/2017;1475,84
25/07/2017;1476,1
26/07/2017;1473,63
27/07/2017;1479,75
28/07/2017;1486,79
31/07/2017;1481,37
1/08/2017;1478,09
2/08/2017;1481,05
3/08/2017;1477,95
4/08/2017;1476,47
8/08/2017;1469,79
9/08/2017;1470,32
10/08/2017;1463,54
11/08/2017;1463,07
14/08/2017;1462,44
15/08/2017;1452,91
16/08/2017;1468,3
17/08/2017;1470,69
18/08/2017;1477,21
22/08/2017;1482,77
23/08/2017;1481,24
24/08/2017;1477,41
25/08/2017;1475,17
28/08/2017;1475,67
29/08/2017;1477,89
30/08/2017;1471,16
31/08/2017;1482,27
1/09/2017;1494,17
4/09/2017;1501,38
5/09/2017;1505,23
6/09/2017;1507,42
7/09/2017;1503,45
8/09/2017;1499,58
11/09/2017;1505,09
12/09/2017;1493,78
13/09/2017;1491,96
14/09/2017;1491,48
15/09/2017;1492,96
18/09/2017;1496,87
19/09/2017;1495,48
20/09/2017;1486,49
21/09/2017;1483,9
22/09/2017;1486,15
25/09/2017;1482,8
26/09/2017;1481,21
27/09/2017;1487,26
28/09/2017;1486,62
29/09/2017;1487,52
2/10/2017;1487,54
3/10/2017;1487,92
4/10/2017;1484,12
5/10/2017;1486,71
6/10/2017;1491,47
9/10/2017;1484,05
10/10/2017;1486,06
11/10/2017;1483,7
12/10/2017;1484,69
13/10/2017;1486,35
17/10/2017;1480,99
18/10/2017;1478,76
19/10/2017;1469,15
20/10/2017;1464,99
23/10/2017;1460,36
24/10/2017;1460,35
25/10/2017;1469,71
26/10/2017;1471,17
27/10/2017;1445,07
30/10/2017;1437,16
31/10/2017;1424,58
1/11/2017;1439,81
2/11/2017;1425,88
3/11/2017;1418,58
7/11/2017;1435,12
8/11/2017;1434,78
9/11/2017;1440,38
10/11/2017;1434,36
14/11/2017;1425,18
15/11/2017;1430,64
16/11/2017;1436,59
17/11/2017;1443,55
20/11/2017;1446,28
21/11/2017;1448,48
22/11/2017;1451,49
23/11/2017;1450,92
24/11/2017;1449,66
27/11/2017;1446,35
28/11/2017;1446,91
29/11/2017;1449,52
30/11/2017;1445,23
1/12/2017;1449,85
4/12/2017;1446,11
5/12/2017;1447,47
6/12/2017;1446,21
7/12/2017;1449,35
11/12/2017;1470,12
12/12/2017;1470,1
13/12/2017;1472,75
14/12/2017;1475,39
15/12/2017;1465,02
18/12/2017;1474,59
19/12/2017;1475,94
20/12/2017;1481,49
21/12/2017;1488,32
22/12/2017;1493,93
26/12/2017;1493,5
27/12/2017;1505
28/12/2017;1513,65
2/01/2018;1516,68
3/01/2018;1515,84
4/01/2018;1531,68
5/01/2018;1545,57
9/01/2018;1547,31
10/01/2018;1537,7
11/01/2018;1523,33
12/01/2018;1521,41
15/01/2018;1513,76
16/01/2018;1539,1
17/01/2018;1543,54
18/01/2018;1548,07
19/01/2018;1551,04
22/01/2018;1557,86
23/01/2018;1570,34
24/01/2018;1589,6
25/01/2018;1588,97
26/01/2018;1592,82
29/01/2018;1598,4
30/01/2018;1582,98
31/01/2018;1558,18
1/02/2018;1580,97
2/02/2018;1567,74
5/02/2018;1523,07
6/02/2018;1526,83
7/02/2018;1526,87
8/02/2018;1504,77
9/02/2018;1500,99
12/02/2018;1509,48
13/02/2018;1504,98
14/02/2018;1518,78
15/02/2018;1514,36
16/02/2018;1520,71
19/02/2018;1515,7
20/02/2018;1517,39
21/02/2018;1525,24
22/02/2018;1532,2
23/02/2018;1532,6
26/02/2018;1524,9
27/02/2018;1516,53
28/02/2018;1478,33
1/03/2018;1466,28
2/03/2018;1456,38
5/03/2018;1469,83
6/03/2018;1475,53
7/03/2018;1473,76
8/03/2018;1474,31
9/03/2018;1482,1
12/03/2018;1478,88
13/03/2018;1467,6
14/03/2018;1463,78
15/03/2018;1467,22
16/03/2018;1475,75
20/03/2018;1476,89
21/03/2018;1486,03
22/03/2018;1468,44
23/03/2018;1459,06
26/03/2018;1469,04
27/03/2018;1450
28/03/2018;1455,52
2/04/2018;1470,88
3/04/2018;1492,84
4/04/2018;1497,59
5/04/2018;1514,84
6/04/2018;1520,76
9/04/2018;1531,72
10/04/2018;1548,01
11/04/2018;1560,08
12/04/2018;1555,87
13/04/2018;1538,44
16/04/2018;1530
17/04/2018;1552,16
18/04/2018;1562,16
19/04/2018;1572,45
20/04/2018;1561,45
23/04/2018;1576,65
24/04/2018;1562,55
25/04/2018;1558,05
26/04/2018;1553,34
27/04/2018;1566,45
30/04/2018;1565,56
2/05/2018;1565,67
3/05/2018;1553,03
4/05/2018;1547,04
7/05/2018;1544,26
8/05/2018;1546,45
9/05/2018;1558,46
10/05/2018;1552,64
11/05/2018;1550,08
15/05/2018;1571,47
16/05/2018;1547,37
17/05/2018;1525,54
18/05/2018;1520,52
21/05/2018;1516,71
22/05/2018;1524,84
23/05/2018;1523,17
24/05/2018;1528,32
25/05/2018;1526,36
28/05/2018;1524,44
29/05/2018;1539,19
30/05/2018;1546,03
31/05/2018;1546,71
1/06/2018;1564,47
5/06/2018;1559,67
6/06/2018;1554,59
7/06/2018;1549,53
8/06/2018;1547,96
12/06/2018;1550,56
13/06/2018;1553,18
14/06/2018;1550,94
15/06/2018;1541,23
18/06/2018;1555,54
19/06/2018;1537,5
20/06/2018;1532,26
21/06/2018;1534,39
22/06/2018;1522,79
25/06/2018;1522,66
26/06/2018;1543,8
27/06/2018;1550,35
28/06/2018;1555,61
29/06/2018;1577,01
3/07/2018;1561,27
4/07/2018;1570,9
5/07/2018;1566,95
6/07/2018;1557,59
9/07/2018;1555,39
10/07/2018;1561,16
11/07/2018;1554,15
12/07/2018;1545,52
13/07/2018;1546,75
16/07/2018;1551,33
17/07/2018;1549,97
18/07/2018;1552,15
19/07/2018;1547,34
23/07/2018;1549,19
24/07/2018;1545,03
25/07/2018;1527,4
26/07/2018;1537,36
27/07/2018;1536,13
30/07/2018;1548,13
31/07/2018;1526,6
1/08/2018;1540,41
2/08/2018;1529,17
3/08/2018;1531,96
6/08/2018;1528,09
8/08/2018;1541,73
9/08/2018;1532,11
10/08/2018;1524,96
13/08/2018;1520,03
14/08/2018;1523,72
15/08/2018;1520,61
16/08/2018;1525,29
17/08/2018;1528,58
21/08/2018;1533,2
22/08/2018;1536,09
23/08/2018;1534,56
24/08/2018;1538,7
27/08/2018;1544,32
28/08/2018;1548,27
29/08/2018;1543,68
30/08/2018;1540,61
31/08/2018;1542,77
3/09/2018;1536,16
4/09/2018;1530,34
5/09/2018;1508,94
6/09/2018;1485,16
7/09/2018;1475,9
10/09/2018;1471,81
11/09/2018;1480,57
12/09/2018;1510,38
13/09/2018;1501,31
14/09/2018;1498,21
17/09/2018;1495,4
18/09/2018;1509,65
19/09/2018;1505,63
20/09/2018;1485,86
21/09/2018;1482,99
24/09/2018;1492,33
25/09/2018;1488,6
26/09/2018;1487,07
27/09/2018;1498,14
28/09/2018;1506,07
1/10/2018;1512,97
2/10/2018;1511,94
3/10/2018;1524,86
4/10/2018;1517,36
5/10/2018;1494,99
8/10/2018;1485,16
9/10/2018;1497,55
10/10/2018;1479,75
11/10/2018;1459,97
12/10/2018;1462,71
16/10/2018;1479,01
17/10/2018;1476,33
18/10/2018;1461,26
19/10/2018;1452,38
22/10/2018;1440,38
23/10/2018;1433,9
24/10/2018;1411,99
25/10/2018;1395,49
26/10/2018;1397,17
29/10/2018;1392,46
30/10/2018;1394,92
31/10/2018;1392,18
1/11/2018;1383,02
2/11/2018;1390,97
6/11/2018;1401,69
7/11/2018;1423,2
8/11/2018;1424,96
9/11/2018;1419,91
13/11/2018;1387,37
14/11/2018;1401,51
15/11/2018;1426,96
16/11/2018;1436,9
19/11/2018;1423,09
20/11/2018;1389,24
21/11/2018;1390,19
22/11/2018;1388,3
23/11/2018;1370,91
26/11/2018;1393,78
27/11/2018;1383,27
28/11/2018;1385,13
29/11/2018;1386,8
30/11/2018;1379,24
3/12/2018;1405,61
4/12/2018;1399,71
5/12/2018;1408,41
6/12/2018;1390
7/12/2018;1382,45
10/12/2018;1377,03
11/12/2018;1373,35
12/12/2018;1374,29
13/12/2018;1365,35
14/12/2018;1359,31
17/12/2018;1335,64
18/12/2018;1336,14
19/12/2018;1332,35
20/12/2018;1298,37
21/12/2018;1301,86
24/12/2018;1301,6
26/12/2018;1329,15
27/12/2018;1324,99
28/12/2018;1325,93
2/01/2019;1332,8
3/01/2019;1348,53
4/01/2019;1356,75
8/01/2019;1368,24
9/01/2019;1377,61
10/01/2019;1384,07
11/01/2019;1388,38
14/01/2019;1393,2
15/01/2019;1393,09
16/01/2019;1391,34
17/01/2019;1391,42
18/01/2019;1392,95
21/01/2019;1398,94
22/01/2019;1403,94
23/01/2019;1406,52
24/01/2019;1416,76
25/01/2019;1425,47
28/01/2019;1430,18
29/01/2019;1437,45
30/01/2019;1449,65
31/01/2019;1447,01
1/02/2019;1462,03
4/02/2019;1474,94
5/02/2019;1493,39
6/02/2019;1488,9
7/02/2019;1472,11
8/02/2019;1468,77
11/02/2019;1468,42
12/02/2019;1473,73
13/02/2019;1472,57
14/02/2019;1476,79
15/02/2019;1488,84
18/02/2019;1482,69
19/02/2019;1477,76
20/02/2019;1478,64
21/02/2019;1478,49
22/02/2019;1491,74
25/02/2019;1509,88
26/02/2019;1519,95
27/02/2019;1516,64
28/02/2019;1508,27
1/03/2019;1515,35
4/03/2019;1517
5/03/2019;1518,21
6/03/2019;1532,06
7/03/2019;1517,84
8/03/2019;1503,01
11/03/2019;1525,79
12/03/2019;1533,35
13/03/2019;1560,4
14/03/2019;1575,11
15/03/2019;1579,72
18/03/2019;1606,37
19/03/2019;1613,71
20/03/2019;1628,22
21/03/2019;1631,3
22/03/2019;1597,19
26/03/2019;1607,03
27/03/2019;1572,68
28/03/2019;1569,91
29/03/2019;1587,74
1/04/2019;1581,9
2/04/2019;1579,51
3/04/2019;1590,64
4/04/2019;1590,15
5/04/2019;1599,83
8/04/2019;1616,35
9/04/2019;1621,4
10/04/2019;1625,21
11/04/2019;1611,6
12/04/2019;1604,97
15/04/2019;1572,75
16/04/2019;1581,43
17/04/2019;1574,31
22/04/2019;1591,18
23/04/2019;1595,02
24/04/2019;1600,17
25/04/2019;1599,81
26/04/2019;1597,75
29/04/2019;1590,38
30/04/2019;1573,64
2/05/2019;1562,02
3/05/2019;1555,38
6/05/2019;1549,16
7/05/2019;1535,26
8/05/2019;1539,31
9/05/2019;1542,57
10/05/2019;1550,38
13/05/2019;1515,81
14/05/2019;1509,11
15/05/2019;1501,55
16/05/2019;1503,06
17/05/2019;1500,05
20/05/2019;1482,74
21/05/2019;1493,41
22/05/2019;1489,43
23/05/2019;1472,15
24/05/2019;1489,41
27/05/2019;1480,01
28/05/2019;1463,38
29/05/2019;1481,72
30/05/2019;1487,06
31/05/2019;1487
4/06/2019;1497,35
5/06/2019;1483,42
6/06/2019;1489,99
7/06/2019;1509,82
10/06/2019;1499,16
11/06/2019;1519,97
12/06/2019;1513,16
13/06/2019;1521,69
14/06/2019;1526,36
17/06/2019;1518,29
18/06/2019;1537,81
19/06/2019;1546,24
20/06/2019;1554,67
21/06/2019;1560,19
25/06/2019;1557,86
26/06/2019;1549,72
27/06/2019;1547,69
28/06/2019;1548,98
2/07/2019;1543,76
3/07/2019;1563,72
4/07/2019;1565,96
5/07/2019;1579,19
8/07/2019;1581,08
9/07/2019;1588,9
10/07/2019;1600,91
11/07/2019;1600,5
12/07/2019;1605,15
15/07/2019;1605,01
16/07/2019;1619,62
17/07/2019;1607,23
18/07/2019;1586,96
19/07/2019;1600,39
22/07/2019;1594,44
23/07/2019;1602,15
24/07/2019;1592,71
25/07/2019;1595,47
26/07/2019;1580,56
29/07/2019;1585,26
30/07/2019;1568,06
31/07/2019;1562,13
1/08/2019;1537,58
2/08/2019;1543,38
5/08/2019;1503
6/08/2019;1512,83
8/08/2019;1545,44
9/08/2019;1537,8
12/08/2019;1531,2
13/08/2019;1554,59
14/08/2019;1515,8
15/08/2019;1524,19
16/08/2019;1542,81
20/08/2019;1548,46
21/08/2019;1541,56
22/08/2019;1526,96
23/08/2019;1505,29
26/08/2019;1519,08
27/08/2019;1531,51
28/08/2019;1536,69
29/08/2019;1542,36
30/08/2019;1559,52
2/09/2019;1560,81
3/09/2019;1561,49
4/09/2019;1565,89
5/09/2019;1567,35
6/09/2019;1567,53
9/09/2019;1576,75
10/09/2019;1572,81
11/09/2019;1585,72
12/09/2019;1587,66
13/09/2019;1580,6
16/09/2019;1600,63
17/09/2019;1597,94
18/09/2019;1597,36
19/09/2019;1594,1
20/09/2019;1594,22
23/09/2019;1597,15
24/09/2019;1591,09
25/09/2019;1596,35
26/09/2019;1601,43
27/09/2019;1584,99
30/09/2019;1577,96
1/10/2019;1582,42
2/10/2019;1574,83
3/10/2019;1588,62
4/10/2019;1593,05
7/10/2019;1596,94
8/10/2019;1589,89
9/10/2019;1589,31
10/10/2019;1583,44
11/10/2019;1590,86
15/10/2019;1578,89
16/10/2019;1579,51
17/10/2019;1578,63
18/10/2019;1578,61
21/10/2019;1597,56
22/10/2019;1613,42
23/10/2019;1613,32
24/10/2019;1616,05
25/10/2019;1628,55
28/10/2019;1622
29/10/2019;1633,28
30/10/2019;1633,92
31/10/2019;1633,15
1/11/2019;1645,88
5/11/2019;1665,69
6/11/2019;1657,15
7/11/2019;1655,73
8/11/2019;1636,23
12/11/2019;1632,02
13/11/2019;1624,26
14/11/2019;1613,9
15/11/2019;1627,25
18/11/2019;1622,74
19/11/2019;1607,58
20/11/2019;1600,49
21/11/2019;1599,69
22/11/2019;1613,84
25/11/2019;1600,81
26/11/2019;1596,66
27/11/2019;1587,33
28/11/2019;1603,54
29/11/2019;1611,92
2/12/2019;1598,33
3/12/2019;1589,9
4/12/2019;1612,12
5/12/2019;1614,74
6/12/2019;1611,67
9/12/2019;1605,35
10/12/2019;1602,94
11/12/2019;1605,32
12/12/2019;1618,56
13/12/2019;1630,8
16/12/2019;1632
17/12/2019;1625,01
18/12/2019;1635,73
19/12/2019;1646,72
20/12/2019;1642,86
23/12/2019;1665,04
24/12/2019;1666,62
26/12/2019;1659,89
27/12/2019;1661,21
30/12/2019;1662,42
2/01/2020;1658,77
3/01/2020;1676,49
7/01/2020;1663,83
8/01/2020;1656,96
9/01/2020;1653,54
10/01/2020;1654,93
13/01/2020;1651,93
14/01/2020;1653,18
15/01/2020;1648,78
16/01/2020;1647,8
17/01/2020;1656,04
20/01/2020;1656,37
21/01/2020;1653,48
22/01/2020;1650,36
23/01/2020;1648,18
24/01/2020;1647,91
27/01/2020;1623,97
28/01/2020;1624,66
29/01/2020;1633,81
30/01/2020;1638,15
31/01/2020;1623,83
3/02/2020;1625,18
4/02/2020;1643,92
5/02/2020;1656,3
6/02/2020;1653,96
7/02/2020;1654,7
10/02/2020;1643,17
11/02/2020;1645,22
12/02/2020;1659,54
13/02/2020;1663,07
14/02/2020;1664,4
17/02/2020;1665,39
18/02/2020;1665,36
19/02/2020;1676,29
20/02/2020;1669,6
21/02/2020;1631,45
24/02/2020;1622,66
25/02/2020;1612,48
26/02/2020;1589,74
27/02/2020;1556,69
28/02/2020;1549,61
2/03/2020;1536,48
3/03/2020;1512,61
4/03/2020;1544,53
5/03/2020;1546,66
6/03/2020;1502,84
9/03/2020;1344,6
10/03/2020;1360,21
11/03/2020;1295,46
12/03/2020;1174,31
13/03/2020;1174,31
16/03/2020;997,78
17/03/2020;1000,5
18/03/2020;894,03
19/03/2020;899,75
20/03/2020;919,59
24/03/2020;923,53
25/03/2020;1046,18
26/03/2020;1167,04
27/03/2020;1147,54
30/03/2020;1129,18
31/03/2020;1123,85
1/04/2020;1063,03
2/04/2020;1114,43
3/04/2020;1127,55
6/04/2020;1160,12
7/04/2020;1163,43
8/04/2020;1187,13
13/04/2020;1193,98
14/04/2020;1211,06
15/04/2020;1204,01
16/04/2020;1202,54
17/04/2020;1192,08
