Fecha;ECO;PFBCOLOM;ISA
11/01/2008;1995;16800;7000
14/01/2008;1960;16380;6810
15/01/2008;1905;15880;6890
16/01/2008;1860;15980;6710
17/01/2008;1755;15900;6590
18/01/2008;1725;15340;6320
21/01/2008;1575;13980;5890
22/01/2008;1740;14600;6400
23/01/2008;1700;14900;6500
24/01/2008;1800;15440;6780
25/01/2008;1790;15820;6850
28/01/2008;1735;16080;6700
29/01/2008;1760;15900;6750
30/01/2008;1750;15840;6700
31/01/2008;1765;15720;6840
1/02/2008;1760;16200;6820
4/02/2008;1805;16160;6900
5/02/2008;1760;15700;6760
6/02/2008;1720;15120;6710
7/02/2008;1750;15000;6600
8/02/2008;1770;15280;6780
11/02/2008;1820;15240;6820
12/02/2008;1815;15400;6810
13/02/2008;1810;15420;6960
14/02/2008;1880;15800;6980
15/02/2008;1900;15740;7000
18/02/2008;1950;15900;7050
19/02/2008;1950;16100;7050
20/02/2008;1955;16000;7010
21/02/2008;1945;16180;7060
22/02/2008;1950;15980;7090
25/02/2008;1960;15600;7060
26/02/2008;1970;15700;7100
27/02/2008;1985;15400;7100
28/02/2008;1975;15300;7090
29/02/2008;2010;15220;7000
3/03/2008;2000;15300;6990
4/03/2008;1910;14900;6740
5/03/2008;1955;15580;6920
6/03/2008;1950;15600;6850
7/03/2008;1985;15800;6900
10/03/2008;1990;15840;7050
11/03/2008;2010;16220;7050
12/03/2008;2025;16180;7060
13/03/2008;2055;16600;7030
14/03/2008;2095;16420;7100
17/03/2008;2060;16000;7010
18/03/2008;2080;16300;7050
19/03/2008;2065;15900;7100
25/03/2008;2045;16140;7050
26/03/2008;2050;15860;7100
27/03/2008;2080;15800;7100
28/03/2008;2090;16180;7100
31/03/2008;2090;16000;7040
1/04/2008;2095;16460;7190
2/04/2008;2100;16440;7240
3/04/2008;2150;16520;7230
4/04/2008;2210;16580;7260
7/04/2008;2215;16680;7360
8/04/2008;2205;17000;7390
9/04/2008;2225;17000;7490
10/04/2008;2220;16900;7310
11/04/2008;2190;16940;7260
14/04/2008;2195;16920;7290
15/04/2008;2245;17100;7300
16/04/2008;2275;17480;7340
17/04/2008;2280;17460;7340
18/04/2008;2330;17460;7530
21/04/2008;2370;17580;7440
22/04/2008;2420;17200;7430
23/04/2008;2385;16880;7400
24/04/2008;2375;16800;7420
25/04/2008;2400;17100;7450
28/04/2008;2455;17000;7590
29/04/2008;2565;17020;7510
30/04/2008;2600;17360;7790
2/05/2008;2650;18520;7880
6/05/2008;2895;17740;7940
7/05/2008;2730;18220;7850
8/05/2008;2750;17920;7790
9/05/2008;2835;17300;7800
12/05/2008;2815;17420;7810
13/05/2008;2800;17680;7810
14/05/2008;2770;18000;7890
15/05/2008;2730;18000;7840
16/05/2008;2775;17720;7800
19/05/2008;2770;17600;7800
20/05/2008;2780;17360;7850
21/05/2008;2885;17000;7770
22/05/2008;2850;16760;7830
23/05/2008;2845;16200;7780
27/05/2008;2790;16080;7790
28/05/2008;2810;16460;7740
29/05/2008;2790;16500;7790
30/05/2008;2810;16600;7900
3/06/2008;2760;16120;7720
4/06/2008;2730;16500;7790
5/06/2008;2755;16280;7760
6/06/2008;2845;16000;7700
9/06/2008;2820;15520;7670
10/06/2008;2770;15100;7650
11/06/2008;2785;14880;7630
12/06/2008;2775;14880;7630
13/06/2008;2770;14980;7670
16/06/2008;2760;14960;7790
17/06/2008;2730;14560;7770
18/06/2008;2680;14580;7830
19/06/2008;2565;14200;7710
20/06/2008;2610;14600;7810
23/06/2008;2630;14560;7770
24/06/2008;2635;14820;7820
25/06/2008;2590;14740;7820
26/06/2008;2555;14900;7710
27/06/2008;2615;14800;7690
1/07/2008;2565;14340;7700
2/07/2008;2575;14060;7650
3/07/2008;2690;13880;7610
4/07/2008;2720;13860;7700
7/07/2008;2695;13700;7680
8/07/2008;2630;13600;7700
9/07/2008;2655;13940;7670
10/07/2008;2650;13800;7660
11/07/2008;2605;13420;7620
14/07/2008;2595;13200;7640
15/07/2008;2530;12940;7500
16/07/2008;2485;13100;7410
17/07/2008;2460;13500;7400
18/07/2008;2490;13700;7450
21/07/2008;2510;13860;7500
22/07/2008;2480;13700;7530
23/07/2008;2505;14000;7500
24/07/2008;2495;14380;7460
25/07/2008;2500;14680;7550
28/07/2008;2490;14440;7520
29/07/2008;2440;15180;7460
30/07/2008;2515;15400;7500
31/07/2008;2560;15300;7550
1/08/2008;2570;14980;7500
4/08/2008;2485;14900;7460
5/08/2008;2475;14900;7430
6/08/2008;2465;14640;7450
8/08/2008;2460;14880;7490
11/08/2008;2410;15460;7440
12/08/2008;2390;15140;7430
13/08/2008;2465;14880;7450
14/08/2008;2415;14900;7420
15/08/2008;2450;14820;7430
19/08/2008;2460;14700;7460
20/08/2008;2460;15200;7530
21/08/2008;2510;15240;7560
22/08/2008;2505;15040;7560
25/08/2008;2500;14960;7560
26/08/2008;2500;14900;7610
27/08/2008;2525;15160;7610
28/08/2008;2560;15400;7810
29/08/2008;2615;15580;7810
1/09/2008;2730;16240;7990
2/09/2008;2675;16460;7950
3/09/2008;2660;16960;7810
4/09/2008;2615;16940;7730
5/09/2008;2600;16420;7700
8/09/2008;2630;16920;7830
9/09/2008;2600;17320;7760
10/09/2008;2595;17240;7830
11/09/2008;2635;17860;7780
12/09/2008;2675;17720;7800
15/09/2008;2625;17320;7700
16/09/2008;2530;16340;7470
17/09/2008;2480;15620;7450
18/09/2008;2490;15220;7480
19/09/2008;2580;16140;7750
22/09/2008;2615;15580;7800
23/09/2008;2570;15660;7630
24/09/2008;2585;15900;7690
25/09/2008;2630;15820;7800
26/09/2008;2610;15600;7730
29/09/2008;2555;15440;7680
30/09/2008;2565;15980;7730
1/10/2008;2600;15680;7660
2/10/2008;2580;15700;7540
3/10/2008;2585;15320;7540
6/10/2008;2455;14340;7440
7/10/2008;2435;14060;7260
8/10/2008;2350;13240;7200
9/10/2008;2290;12600;7080
10/10/2008;2085;11460;6510
14/10/2008;2280;12660;7120
15/10/2008;2115;11520;6740
16/10/2008;2050;10860;6710
17/10/2008;2115;11160;6900
20/10/2008;2165;10960;6850
21/10/2008;2170;11160;6800
22/10/2008;2055;10660;6400
23/10/2008;2035;10380;6000
24/10/2008;1895;9900;6000
27/10/2008;1825;9600;5750
28/10/2008;1885;9830;6090
29/10/2008;1950;10960;6360
30/10/2008;2000;11460;6640
31/10/2008;1980;11840;6820
4/11/2008;2045;12380;6950
5/11/2008;1980;11840;6780
6/11/2008;1900;10980;6510
7/11/2008;1985;11580;6730
10/11/2008;1975;11800;6810
11/11/2008;1960;11440;6740
12/11/2008;1945;11200;6660
13/11/2008;1935;11080;6600
14/11/2008;2000;11720;6800
18/11/2008;1965;11160;6600
19/11/2008;1950;11160;6590
20/11/2008;1895;11000;6600
21/11/2008;1865;10800;6620
24/11/2008;1930;11260;6810
25/11/2008;1960;11180;6930
26/11/2008;2005;11420;7010
27/11/2008;2060;11560;7170
28/11/2008;2010;11680;7160
1/12/2008;1965;11500;7000
2/12/2008;1970;11780;7100
3/12/2008;2005;12140;7180
4/12/2008;1995;12440;7150
5/12/2008;1960;12440;7150
9/12/2008;1995;13280;7310
10/12/2008;2030;13500;7400
11/12/2008;2085;13420;7400
12/12/2008;2070;13200;7390
15/12/2008;2115;13100;7440
16/12/2008;2120;12960;7350
17/12/2008;2075;13080;7330
18/12/2008;2010;12960;7300
19/12/2008;2015;12900;7400
22/12/2008;2040;12920;7280
23/12/2008;2015;13000;7200
24/12/2008;1995;12740;7220
26/12/2008;2005;12740;7240
29/12/2008;2000;12740;7100
30/12/2008;2005;12860;7100
2/01/2009;2015;13080;7200
5/01/2009;2040;12980;7200
6/01/2009;2090;13120;7400
7/01/2009;2045;12920;7300
8/01/2009;2035;12880;7400
9/01/2009;2055;12880;7380
13/01/2009;2045;12980;7400
14/01/2009;2015;12720;7300
15/01/2009;1995;12260;7400
16/01/2009;1990;12660;7300
19/01/2009;2010;12780;7300
20/01/2009;2005;12320;7300
21/01/2009;1995;12220;7320
22/01/2009;1990;12140;7340
23/01/2009;2000;12180;7280
26/01/2009;2015;12340;7320
27/01/2009;2015;12240;7380
28/01/2009;2015;12700;7410
29/01/2009;2020;12580;7360
30/01/2009;2040;12820;7440
2/02/2009;2020;12560;7290
3/02/2009;2040;12560;7340
4/02/2009;2060;12580;7320
5/02/2009;2110;12340;7340
6/02/2009;2150;12500;7350
9/02/2009;2150;12520;7400
10/02/2009;2140;12500;7280
11/02/2009;2135;12320;7280
12/02/2009;2130;11900;7250
13/02/2009;2150;11900;7430
16/02/2009;2135;11940;7390
17/02/2009;2105;11600;7300
18/02/2009;2070;11280;7250
19/02/2009;2065;11300;7250
20/02/2009;2045;10920;7200
23/02/2009;2035;10800;7210
24/02/2009;2015;10540;7250
25/02/2009;2055;10720;7250
26/02/2009;2095;10960;7350
27/02/2009;2105;11000;7300
2/03/2009;2050;10640;7200
3/03/2009;2060;10720;7240
4/03/2009;2095;11040;7250
5/03/2009;2055;10940;7210
6/03/2009;2075;10980;7240
9/03/2009;2060;11080;7220
10/03/2009;2080;11420;7260
11/03/2009;2065;11300;7250
12/03/2009;2075;11520;7270
13/03/2009;2090;11640;7290
16/03/2009;2105;11860;7270
17/03/2009;2095;11700;7350
18/03/2009;2095;11800;7400
19/03/2009;2120;12040;7500
20/03/2009;2125;11960;7500
24/03/2009;2140;12280;7500
25/03/2009;2140;12180;7450
26/03/2009;2120;12300;7390
27/03/2009;2140;12180;7390
30/03/2009;2130;11820;7350
31/03/2009;2140;12140;7440
1/04/2009;2145;12300;7540
2/04/2009;2175;12800;7700
3/04/2009;2165;12840;7640
6/04/2009;2175;12780;7680
7/04/2009;2185;12700;7600
8/04/2009;2185;12640;7500
13/04/2009;2120;12580;7570
14/04/2009;2140;12540;7700
15/04/2009;2135;12580;7930
16/04/2009;2135;12540;7950
17/04/2009;2120;12540;7800
20/04/2009;2095;12400;7680
21/04/2009;2090;12360;7750
22/04/2009;2090;12380;7800
23/04/2009;2085;12360;7850
24/04/2009;2130;12800;7970
27/04/2009;2125;12780;8040
28/04/2009;2125;12820;8180
29/04/2009;2145;13200;8390
30/04/2009;2120;13360;8150
4/05/2009;2150;13760;8450
5/05/2009;2135;13900;8550
6/05/2009;2165;14060;8500
7/05/2009;2210;14700;8380
8/05/2009;2330;15280;8620
11/05/2009;2275;15420;8460
12/05/2009;2305;15380;8500
13/05/2009;2285;14840;8400
14/05/2009;2290;15140;8500
15/05/2009;2275;15120;8640
18/05/2009;2285;15760;8600
19/05/2009;2355;15860;8600
20/05/2009;2370;15860;8520
21/05/2009;2340;15640;8330
22/05/2009;2325;15680;8430
26/05/2009;2350;15900;8590
27/05/2009;2345;15760;8580
28/05/2009;2365;15600;8700
29/05/2009;2385;15500;8700
1/06/2009;2420;15760;9000
2/06/2009;2405;15800;8950
3/06/2009;2380;15780;8900
4/06/2009;2415;15840;8950
5/06/2009;2420;16000;8880
8/06/2009;2415;16100;8850
9/06/2009;2425;16020;8870
10/06/2009;2430;16020;8910
11/06/2009;2485;16280;9000
12/06/2009;2505;16020;8880
16/06/2009;2475;15900;8790
17/06/2009;2480;15880;8940
18/06/2009;2535;15940;8920
19/06/2009;2520;16480;9060
23/06/2009;2525;16180;9100
24/06/2009;2520;16240;9070
25/06/2009;2550;16260;9070
26/06/2009;2545;16320;8980
30/06/2009;2580;16440;9130
1/07/2009;2615;16540;9290
2/07/2009;2610;16460;9220
3/07/2009;2590;16480;9200
6/07/2009;2585;16400;9100
7/07/2009;2585;16260;9150
8/07/2009;2540;15760;9240
9/07/2009;2505;15400;9100
10/07/2009;2510;15240;9150
13/07/2009;2510;15100;9120
14/07/2009;2540;15260;9140
15/07/2009;2575;15340;9110
16/07/2009;2600;15280;9190
17/07/2009;2635;15400;9250
21/07/2009;2660;15500;9450
22/07/2009;2660;15720;9600
23/07/2009;2790;15940;9820
24/07/2009;2775;16000;10000
27/07/2009;2745;16080;10020
28/07/2009;2695;15920;9910
29/07/2009;2705;16000;9820
30/07/2009;2765;16360;10040
31/07/2009;2775;16400;10400
3/08/2009;2785;16660;10500
4/08/2009;2790;16800;10420
5/08/2009;2770;16700;10360
6/08/2009;2785;17000;10460
10/08/2009;2815;17260;10420
11/08/2009;2795;16940;10320
12/08/2009;2745;17180;10600
13/08/2009;2770;17360;10560
14/08/2009;2750;17560;10600
18/08/2009;2725;17500;10560
19/08/2009;2730;17400;10720
20/08/2009;2730;17780;10960
21/08/2009;2735;17980;11300
24/08/2009;2745;18460;11820
25/08/2009;2730;18820;11640
26/08/2009;2700;18600;11480
27/08/2009;2705;18200;11360
28/08/2009;2700;18400;11400
31/08/2009;2680;18140;11300
1/09/2009;2620;17800;10900
2/09/2009;2635;17560;11140
3/09/2009;2620;17360;10980
4/09/2009;2645;17760;11160
7/09/2009;2650;17900;11360
8/09/2009;2710;18240;11540
9/09/2009;2680;18360;11580
10/09/2009;2635;18340;11620
11/09/2009;2615;18280;11580
14/09/2009;2605;18160;11460
15/09/2009;2690;18580;11800
16/09/2009;2700;18840;11720
17/09/2009;2670;18960;11720
18/09/2009;2695;19260;11900
21/09/2009;2665;19140;11800
22/09/2009;2710;19200;11760
23/09/2009;2695;19520;11740
24/09/2009;2670;19260;11940
25/09/2009;2695;19560;11960
28/09/2009;2715;20260;12260
29/09/2009;2680;20280;12140
30/09/2009;2705;20600;12200
1/10/2009;2695;20360;12180
2/10/2009;2700;20180;12300
5/10/2009;2695;20620;12300
6/10/2009;2715;20640;12800
7/10/2009;2700;20740;12940
8/10/2009;2695;20480;12700
9/10/2009;2690;20060;12980
13/10/2009;2660;19780;12520
14/10/2009;2685;19540;12300
15/10/2009;2645;19600;12380
16/10/2009;2680;19380;12380
19/10/2009;2700;20260;12400
20/10/2009;2670;20200;12380
21/10/2009;2670;20320;12200
22/10/2009;2635;20220;12160
23/10/2009;2635;20420;12140
26/10/2009;2600;20360;11980
27/10/2009;2580;20060;11840
28/10/2009;2580;19940;11800
29/10/2009;2580;20420;11900
30/10/2009;2550;19700;11620
3/11/2009;2485;19500;11580
4/11/2009;2560;19960;11300
5/11/2009;2630;20400;11360
6/11/2009;2615;20260;11340
9/11/2009;2650;20800;11580
10/11/2009;2645;20860;11700
11/11/2009;2650;20680;11820
12/11/2009;2640;20660;11760
13/11/2009;2645;20620;11640
17/11/2009;2630;20940;11620
18/11/2009;2600;20940;11440
19/11/2009;2580;21200;11460
20/11/2009;2580;21200;11460
23/11/2009;2595;21280;11440
24/11/2009;2575;21300;11420
25/11/2009;2620;21600;11620
26/11/2009;2600;21500;11600
27/11/2009;2605;21600;11860
30/11/2009;2505;21500;11420
1/12/2009;2545;21960;11940
2/12/2009;2560;22400;11820
3/12/2009;2590;22800;12100
4/12/2009;2600;22800;12140
7/12/2009;2570;22720;12480
9/12/2009;2570;22640;12700
10/12/2009;2545;22540;12560
11/12/2009;2505;22760;12920
14/12/2009;2500;22720;12880
15/12/2009;2510;23160;12880
16/12/2009;2500;23720;12960
17/12/2009;2465;24040;12960
18/12/2009;2440;23600;12900
21/12/2009;2455;23180;12900
22/12/2009;2445;23240;12860
23/12/2009;2425;23080;12960
24/12/2009;2480;23000;13100
28/12/2009;2475;22980;12920
29/12/2009;2480;23000;13060
30/12/2009;2485;23060;12980
4/01/2010;2495;22820;12960
5/01/2010;2465;23000;13000
6/01/2010;2460;22800;12900
7/01/2010;2440;22500;12920
8/01/2010;2470;22540;12700
12/01/2010;2445;22300;12580
13/01/2010;2435;22340;12720
14/01/2010;2450;22300;12880
15/01/2010;2470;22500;12880
18/01/2010;2465;22260;12760
19/01/2010;2460;22640;12700
20/01/2010;2455;22520;12660
21/01/2010;2390;22040;12460
22/01/2010;2400;22300;12500
25/01/2010;2370;22020;12300
26/01/2010;2425;22020;12460
27/01/2010;2445;21500;12500
28/01/2010;2450;21600;12460
29/01/2010;2455;21760;12680
1/02/2010;2435;21840;12500
2/02/2010;2445;22040;12460
3/02/2010;2455;21700;12460
4/02/2010;2425;21380;12220
5/02/2010;2415;20900;12280
8/02/2010;2405;20740;12240
9/02/2010;2455;20980;12420
10/02/2010;2465;21400;12480
11/02/2010;2475;21400;12580
12/02/2010;2480;21100;12540
15/02/2010;2480;21260;12580
16/02/2010;2470;21540;12660
17/02/2010;2485;21540;12580
18/02/2010;2470;21600;12580
19/02/2010;2495;22000;12740
22/02/2010;2500;22020;12720
23/02/2010;2540;21820;12760
24/02/2010;2600;22180;12980
25/02/2010;2570;22000;12800
26/02/2010;2560;22220;12880
1/03/2010;2560;22420;12740
2/03/2010;2565;22300;12700
3/03/2010;2605;22380;12800
4/03/2010;2605;22200;12720
5/03/2010;2625;22020;12700
8/03/2010;2640;22200;12740
9/03/2010;2635;21840;12700
10/03/2010;2655;21760;12700
11/03/2010;2695;21940;12680
12/03/2010;2680;22040;12600
15/03/2010;2675;21960;12600
16/03/2010;2685;21820;12740
17/03/2010;2710;22280;12820
18/03/2010;2710;22280;12800
19/03/2010;2700;21800;12600
23/03/2010;2700;21980;12700
24/03/2010;2685;22000;12660
25/03/2010;2690;22040;12600
26/03/2010;2675;22000;12600
29/03/2010;2680;22180;12600
30/03/2010;2685;22080;12640
31/03/2010;2700;22280;12800
5/04/2010;2710;22480;12900
6/04/2010;2730;22500;12880
7/04/2010;2740;22880;12860
8/04/2010;2725;23420;13040
9/04/2010;2725;23100;12920
12/04/2010;2720;23240;13000
13/04/2010;2710;23400;13060
14/04/2010;2715;23900;13080
15/04/2010;2730;23980;13000
16/04/2010;2690;23400;12940
19/04/2010;2680;23000;12860
20/04/2010;2715;23340;12900
21/04/2010;2755;23220;13000
22/04/2010;2750;23300;13060
23/04/2010;2780;23320;13120
26/04/2010;2785;23120;13040
27/04/2010;2760;22980;12960
28/04/2010;2730;22660;12940
29/04/2010;2765;23200;12960
30/04/2010;2765;23000;12980
3/05/2010;2790;23560;13160
4/05/2010;2775;23220;13160
5/05/2010;2725;22800;12900
6/05/2010;2660;22420;12500
7/05/2010;2670;22100;12500
10/05/2010;2720;22580;12700
11/05/2010;2745;22980;12700
12/05/2010;2775;23000;12700
13/05/2010;2765;23160;12820
14/05/2010;2740;22660;12840
18/05/2010;2710;22500;12500
19/05/2010;2700;22540;12360
20/05/2010;2660;22500;12180
21/05/2010;2630;22320;12120
24/05/2010;2660;22500;12280
25/05/2010;2630;22120;12240
26/05/2010;2690;22900;12800
27/05/2010;2695;23200;12560
28/05/2010;2710;23480;12800
31/05/2010;2700;23500;12720
1/06/2010;2730;23800;12660
2/06/2010;2730;23980;12640
3/06/2010;2720;23800;12740
4/06/2010;2690;23500;12600
8/06/2010;2685;23480;12680
9/06/2010;2700;23780;12660
10/06/2010;2710;23420;12780
11/06/2010;2710;23680;12700
15/06/2010;2720;23700;12720
16/06/2010;2750;23900;12760
17/06/2010;2750;23800;12800
18/06/2010;2765;24020;12900
21/06/2010;2750;24140;12760
22/06/2010;2740;24280;12800
23/06/2010;2760;24200;12900
24/06/2010;2770;23900;12900
25/06/2010;2775;24180;12940
28/06/2010;2750;24300;12880
29/06/2010;2740;23600;12820
30/06/2010;2755;24120;12800
1/07/2010;2735;24260;12660
2/07/2010;2725;24060;12600
6/07/2010;2755;24400;12660
7/07/2010;2765;24400;12660
8/07/2010;2795;24900;12700
9/07/2010;2825;24980;12720
12/07/2010;2850;25920;12700
13/07/2010;2860;26140;12760
14/07/2010;2930;25900;12860
15/07/2010;2980;26220;12840
16/07/2010;2990;26020;12760
19/07/2010;3005;25900;12780
21/07/2010;3100;27000;12940
22/07/2010;3135;26800;13000
23/07/2010;3085;27400;13060
26/07/2010;3165;28240;13080
27/07/2010;3130;28940;13080
28/07/2010;3135;28240;13040
29/07/2010;3095;26880;13060
30/07/2010;3105;26980;13080
2/08/2010;3145;26680;13000
3/08/2010;3245;26980;12940
4/08/2010;3310;26940;12900
5/08/2010;3450;26120;12860
6/08/2010;3365;25600;12740
9/08/2010;3350;25660;12740
10/08/2010;3305;25720;12760
11/08/2010;3250;25160;12620
12/08/2010;3280;25320;12600
13/08/2010;3320;25900;12540
17/08/2010;3340;25800;12680
18/08/2010;3310;26380;12700
19/08/2010;3310;26420;12740
20/08/2010;3300;26580;12660
23/08/2010;3350;26820;13000
24/08/2010;3360;26960;12800
25/08/2010;3350;26880;12800
26/08/2010;3390;27200;12960
27/08/2010;3435;28080;12900
30/08/2010;3450;27940;12920
31/08/2010;3485;29200;12960
1/09/2010;3580;29980;13140
2/09/2010;3500;29500;13140
3/09/2010;3500;29080;13100
6/09/2010;3600;29500;13180
7/09/2010;3620;28760;13300
8/09/2010;3735;28760;13560
9/09/2010;3770;28680;13660
10/09/2010;3690;28220;13360
13/09/2010;3645;28780;13500
14/09/2010;3615;28940;13560
15/09/2010;3560;29180;13540
16/09/2010;3550;29180;13520
17/09/2010;3530;28700;13600
20/09/2010;3610;28800;13600
21/09/2010;3645;28540;13780
22/09/2010;3585;28400;13800
23/09/2010;3560;28340;13600
24/09/2010;3585;28420;13700
27/09/2010;3595;28580;13900
28/09/2010;3635;29780;14180
29/09/2010;3730;29880;14120
30/09/2010;3700;29800;14100
1/10/2010;3725;29500;14020
4/10/2010;3730;29460;13980
5/10/2010;3880;29760;14100
6/10/2010;4080;29360;14120
7/10/2010;3990;29200;14080
8/10/2010;4055;29400;14180
11/10/2010;4105;29560;14600
12/10/2010;4095;29580;14560
13/10/2010;4165;30300;14980
14/10/2010;4150;29900;14700
15/10/2010;4140;29560;14320
19/10/2010;4270;30020;14280
20/10/2010;4245;30000;14180
21/10/2010;4270;30220;14400
22/10/2010;4340;30380;14760
25/10/2010;4335;30460;14600
26/10/2010;4360;29760;14500
27/10/2010;4360;29740;14400
28/10/2010;4360;30180;14480
29/10/2010;4410;31820;14600
2/11/2010;4425;31200;14500
3/11/2010;4455;31300;14460
4/11/2010;4545;31400;14460
5/11/2010;4630;31200;14300
8/11/2010;4650;30940;14280
9/11/2010;4660;31400;14360
10/11/2010;4520;30700;14200
11/11/2010;4345;30320;13620
12/11/2010;4145;29900;13500
16/11/2010;4020;28940;12980
17/11/2010;4200;29540;13280
18/11/2010;4260;29800;13500
19/11/2010;4090;28980;13400
22/11/2010;4100;29000;13300
23/11/2010;4035;28540;12960
24/11/2010;4115;29340;13280
25/11/2010;4020;29000;13320
26/11/2010;3935;29060;13160
29/11/2010;3795;29100;13400
30/11/2010;3840;29500;13500
1/12/2010;3855;30320;13540
2/12/2010;3990;30620;13820
3/12/2010;4020;30600;13840
6/12/2010;4045;30500;13760
7/12/2010;4085;30460;13760
9/12/2010;4080;30220;13760
10/12/2010;4070;30100;13960
13/12/2010;4125;31000;13860
14/12/2010;4190;30340;14020
15/12/2010;4100;29940;13800
16/12/2010;4095;30060;14000
17/12/2010;4020;29680;14000
20/12/2010;4010;28900;14020
21/12/2010;4050;29120;14200
22/12/2010;4095;29300;14360
23/12/2010;4100;29500;14360
24/12/2010;4105;29800;14300
27/12/2010;4170;30460;14400
28/12/2010;4115;30360;14200
29/12/2010;4115;29700;14080
30/12/2010;4100;29940;14100
3/01/2011;4000;29600;13960
4/01/2011;4000;29180;13940
5/01/2011;3885;29000;13640
6/01/2011;3805;28540;13500
7/01/2011;3890;28500;13960
11/01/2011;3840;27180;13620
12/01/2011;3945;28000;13700
13/01/2011;4040;27900;13840
14/01/2011;4015;27900;13800
17/01/2011;4050;28100;13880
18/01/2011;4040;27420;13800
19/01/2011;4005;26700;13780
20/01/2011;3920;26560;13440
21/01/2011;3925;27000;13460
24/01/2011;3940;27400;13500
25/01/2011;3860;28160;13400
26/01/2011;3940;28060;13400
27/01/2011;3930;27600;13740
28/01/2011;3965;27040;13600
31/01/2011;3970;27300;13200
1/02/2011;3970;27400;13160
2/02/2011;3960;27160;12940
3/02/2011;3925;27020;13060
4/02/2011;3915;26720;12880
7/02/2011;3930;26500;12640
8/02/2011;3990;26700;12800
9/02/2011;3970;26580;12500
10/02/2011;3910;26000;12520
11/02/2011;3900;26220;12640
14/02/2011;3900;26480;12540
15/02/2011;3900;25860;12500
16/02/2011;3920;26000;12460
17/02/2011;3840;25920;12360
18/02/2011;3750;25700;12160
21/02/2011;3800;25800;12260
22/02/2011;3760;25780;12320
23/02/2011;3900;26060;12420
24/02/2011;3935;26260;12380
25/02/2011;3955;26520;12300
28/02/2011;3965;27100;12780
1/03/2011;3985;27640;12760
2/03/2011;3955;27560;12860
3/03/2011;4000;27900;12840
4/03/2011;4060;27920;12880
7/03/2011;4055;27800;12920
8/03/2011;3975;27700;12700
9/03/2011;3995;28420;12600
10/03/2011;3900;27900;12500
11/03/2011;3895;27700;12220
14/03/2011;3890;27600;12720
15/03/2011;3815;27460;12300
16/03/2011;3780;27600;12360
17/03/2011;3830;28740;12920
18/03/2011;3825;29160;13000
22/03/2011;3815;29340;13100
23/03/2011;3905;29360;12880
24/03/2011;3850;29000;13020
25/03/2011;3810;28660;12860
28/03/2011;3915;28440;12900
29/03/2011;3875;28920;12780
30/03/2011;3880;29280;12700
31/03/2011;3885;29100;12720
1/04/2011;3865;29720;12640
4/04/2011;3880;29560;12500
5/04/2011;3895;29600;12360
6/04/2011;3865;29480;12320
7/04/2011;3810;29920;12500
8/04/2011;3765;29400;12260
11/04/2011;3700;29300;12340
12/04/2011;3625;28160;12340
13/04/2011;3690;28220;12220
14/04/2011;3665;28100;12300
15/04/2011;3670;28100;12240
18/04/2011;3605;28060;12220
19/04/2011;3670;27800;12220
20/04/2011;3730;28300;12520
25/04/2011;3790;28480;12300
26/04/2011;3800;28980;12500
27/04/2011;3800;28980;12460
28/04/2011;3850;28800;12520
29/04/2011;3800;29140;12540
2/05/2011;3840;28460;12500
3/05/2011;3795;28140;12300
4/05/2011;3800;28320;12180
5/05/2011;3720;27820;12040
6/05/2011;3760;27780;12140
9/05/2011;3775;28520;12280
10/05/2011;3900;28980;12260
11/05/2011;3885;29080;12440
12/05/2011;3910;28980;12300
13/05/2011;3870;29260;12280
16/05/2011;3825;29100;12400
17/05/2011;3860;29800;12500
18/05/2011;3860;29700;12500
19/05/2011;3965;29320;12460
20/05/2011;3940;29540;12460
23/05/2011;3930;29440;12500
24/05/2011;3950;29580;12800
25/05/2011;3940;29300;12740
26/05/2011;3960;29620;12780
27/05/2011;3950;29360;12840
30/05/2011;3970;29680;12780
31/05/2011;4045;29980;13040
1/06/2011;3995;29900;13000
2/06/2011;4005;29960;12980
3/06/2011;4015;29700;12860
7/06/2011;4035;29240;12860
8/06/2011;4040;29640;12900
9/06/2011;4005;29500;12980
10/06/2011;4000;29800;12960
13/06/2011;4000;29760;12980
14/06/2011;3950;29460;12980
15/06/2011;3835;29400;12800
16/06/2011;3820;29080;12780
17/06/2011;3815;29900;12740
20/06/2011;3780;29660;12600
21/06/2011;3785;29540;12640
22/06/2011;3805;29500;12800
23/06/2011;3775;29700;12720
24/06/2011;3810;29660;12760
28/06/2011;3800;29720;12660
29/06/2011;3855;29860;12860
30/06/2011;3840;29500;12860
1/07/2011;3875;29780;12860
5/07/2011;3855;29600;12860
6/07/2011;3760;29300;12640
7/07/2011;3740;29260;12640
8/07/2011;3700;29000;12540
11/07/2011;3605;28400;12080
12/07/2011;3590;28300;11960
13/07/2011;3650;28500;12200
14/07/2011;3580;27980;11960
15/07/2011;3575;28060;12000
18/07/2011;3630;28160;12000
19/07/2011;3710;28760;12340
21/07/2011;3705;29280;12260
22/07/2011;3705;29100;12380
25/07/2011;3770;29400;12260
26/07/2011;3735;29100;12380
27/07/2011;3735;29020;12220
28/07/2011;3780;29360;12280
29/07/2011;3735;29040;12240
1/08/2011;3750;29480;12260
2/08/2011;3720;29000;12180
3/08/2011;3725;28820;12100
4/08/2011;3680;27900;11700
5/08/2011;3660;27460;11600
8/08/2011;3595;26000;11300
9/08/2011;3700;27240;11480
10/08/2011;3670;26800;11920
11/08/2011;3680;27300;11780
12/08/2011;3710;28100;11800
16/08/2011;3695;28120;11980
17/08/2011;3705;28980;12000
18/08/2011;3595;27560;12000
19/08/2011;3610;26980;11800
22/08/2011;3645;26900;11680
23/08/2011;3685;27560;11780
24/08/2011;3640;27940;11740
25/08/2011;3625;27640;11760
26/08/2011;3680;27800;11860
29/08/2011;3825;28400;12060
30/08/2011;3870;28680;11960
31/08/2011;3855;29200;12200
1/09/2011;3900;29100;12000
2/09/2011;3885;28900;12200
5/09/2011;3790;28220;12180
6/09/2011;3880;28700;12120
7/09/2011;3880;29240;12140
8/09/2011;3860;29220;12040
9/09/2011;3835;28880;11960
12/09/2011;3865;28400;12040
13/09/2011;3875;28300;12040
14/09/2011;3900;28760;12140
15/09/2011;4010;28920;12220
16/09/2011;4120;29880;12240
19/09/2011;4130;29560;12300
20/09/2011;4135;29020;12300
21/09/2011;4045;28520;12280
22/09/2011;3865;27900;11960
23/09/2011;3825;27100;11940
26/09/2011;3900;26780;12020
27/09/2011;3865;27200;12020
28/09/2011;3870;27200;11860
29/09/2011;3965;27380;12000
30/09/2011;3860;26900;11600
3/10/2011;3755;26720;11360
4/10/2011;3885;27440;11580
5/10/2011;3930;27440;11580
6/10/2011;3920;27900;11560
7/10/2011;3885;27300;11700
10/10/2011;3925;27700;11980
11/10/2011;3900;27860;11760
12/10/2011;3905;28020;11800
13/10/2011;3900;28100;11800
14/10/2011;3940;28140;11860
18/10/2011;3970;28580;11920
19/10/2011;3940;28600;11600
20/10/2011;3960;28200;11780
21/10/2011;3995;28500;11700
24/10/2011;4010;28740;11640
25/10/2011;3990;28660;11620
26/10/2011;3995;28800;11700
27/10/2011;4065;29780;11880
28/10/2011;4055;29800;11800
31/10/2011;4000;29400;11900
1/11/2011;3975;29000;11660
2/11/2011;4020;29240;11680
3/11/2011;4045;29360;11660
4/11/2011;4025;29060;11880
8/11/2011;4080;29380;11940
9/11/2011;4035;29160;11640
10/11/2011;4030;28300;11740
11/11/2011;4020;28500;11800
15/11/2011;4035;28600;11820
16/11/2011;3995;28140;11700
17/11/2011;3990;28200;11700
18/11/2011;3975;27800;11600
21/11/2011;3955;27580;11560
22/11/2011;3930;27360;11280
23/11/2011;3860;26520;10900
24/11/2011;3875;26860;10700
25/11/2011;3910;26600;10360
28/11/2011;4015;27500;10300
29/11/2011;4045;27500;10400
30/11/2011;4100;28000;10520
1/12/2011;4130;28140;10800
2/12/2011;4195;28160;11100
5/12/2011;4150;27900;10880
6/12/2011;4085;27800;10760
7/12/2011;4175;28480;11280
9/12/2011;4170;28420;11060
12/12/2011;4160;28800;10860
13/12/2011;4175;28600;11060
14/12/2011;4105;28600;10800
15/12/2011;4150;28180;10720
16/12/2011;4175;29100;11100
19/12/2011;4145;28720;11260
20/12/2011;4220;29240;11420
21/12/2011;4255;29320;11680
22/12/2011;4300;29500;11880
23/12/2011;4285;29500;11680
26/12/2011;4225;29760;11480
27/12/2011;4265;28740;11400
28/12/2011;4290;28500;11600
29/12/2011;4215;27620;11200
2/01/2012;4200;28360;10980
3/01/2012;4285;28700;11160
4/01/2012;4330;28700;11440
5/01/2012;4320;28200;11440
6/01/2012;4325;27300;11440
10/01/2012;4485;27180;11200
11/01/2012;4510;27020;11100
12/01/2012;4320;26700;11000
13/01/2012;4480;26580;11080
16/01/2012;4415;26400;10940
17/01/2012;4500;26220;10980
18/01/2012;4605;26180;11080
19/01/2012;4550;26180;11020
20/01/2012;4570;26400;10980
23/01/2012;4595;26360;10860
24/01/2012;4570;26400;11000
25/01/2012;4560;26320;10700
26/01/2012;4540;26140;10760
27/01/2012;4520;26180;10700
30/01/2012;4585;27480;10680
31/01/2012;4600;27960;11220
1/02/2012;4625;27200;11140
2/02/2012;4700;27140;11200
3/02/2012;4650;27800;11300
6/02/2012;4640;27800;11300
7/02/2012;4680;27760;11240
8/02/2012;4685;28080;11260
9/02/2012;4740;28020;11140
10/02/2012;4730;27940;11100
13/02/2012;4755;28160;11120
14/02/2012;4785;28300;11260
15/02/2012;4810;28080;11040
16/02/2012;4970;28180;11280
17/02/2012;5060;28420;11280
20/02/2012;4995;28500;11340
21/02/2012;4915;28440;11140
22/02/2012;4950;28640;11120
23/02/2012;4955;28480;11180
24/02/2012;4985;28600;11200
27/02/2012;4990;28480;11220
28/02/2012;4995;28420;10900
29/02/2012;5210;28500;11400
1/03/2012;5280;28700;11360
2/03/2012;5220;28520;11420
5/03/2012;5230;28400;11480
6/03/2012;5180;27860;11400
7/03/2012;5180;28080;11240
8/03/2012;5180;28500;11220
9/03/2012;5150;28420;11200
12/03/2012;5120;28200;11160
13/03/2012;5300;28840;11160
14/03/2012;5300;28920;11220
15/03/2012;5280;28920;11180
16/03/2012;5210;28100;11000
20/03/2012;5220;28580;11160
21/03/2012;5270;28580;11100
22/03/2012;5250;28560;11000
23/03/2012;5360;28700;11260
26/03/2012;5450;28900;11260
27/03/2012;5400;28880;11220
28/03/2012;5380;28680;11040
29/03/2012;5480;28820;11220
30/03/2012;5430;28600;11300
2/04/2012;5530;28900;11080
3/04/2012;5600;29100;11100
4/04/2012;5610;28880;11180
9/04/2012;5680;28980;11040
10/04/2012;5670;28840;11000
11/04/2012;5600;29320;11000
12/04/2012;5550;29240;11260
13/04/2012;5580;29000;11020
16/04/2012;5640;29300;11060
17/04/2012;5680;29280;11100
18/04/2012;5590;29200;11100
19/04/2012;5360;29400;11060
20/04/2012;5260;29380;11200
23/04/2012;5300;29380;11120
24/04/2012;5280;29140;11080
25/04/2012;5420;29380;11200
26/04/2012;5510;29460;11200
27/04/2012;5580;29740;11180
30/04/2012;5700;29900;11400
2/05/2012;5850;30300;11700
3/05/2012;5850;30340;11760
4/05/2012;5600;30480;11900
7/05/2012;5650;30340;11740
8/05/2012;5650;29940;11740
9/05/2012;5620;30360;11780
10/05/2012;5610;29440;11640
11/05/2012;5560;28700;11800
14/05/2012;5470;28220;11740
15/05/2012;5460;28000;11880
16/05/2012;5440;28400;11700
17/05/2012;5300;28000;11240
18/05/2012;5330;27700;11600
22/05/2012;5410;28200;11420
23/05/2012;5400;28100;11320
24/05/2012;5260;27980;11480
25/05/2012;5300;27600;11240
28/05/2012;5220;27700;11200
29/05/2012;5430;27640;11100
30/05/2012;5340;27500;10920
31/05/2012;5450;27500;11420
1/06/2012;5340;27060;11060
4/06/2012;5330;26660;11060
5/06/2012;5250;26800;10900
6/06/2012;5260;27320;11000
7/06/2012;5280;27620;11100
8/06/2012;5230;27300;10900
12/06/2012;5150;27220;10620
13/06/2012;5160;27500;10620
14/06/2012;5220;27200;11080
15/06/2012;5290;27220;10840
19/06/2012;5420;27960;11000
20/06/2012;5460;27900;11400
21/06/2012;5230;27260;11040
22/06/2012;5080;27500;11200
25/06/2012;4850;26920;10980
26/06/2012;4905;26840;11000
27/06/2012;4970;27300;11100
28/06/2012;4900;27080;11120
29/06/2012;4985;27800;11600
3/07/2012;5030;28400;11660
4/07/2012;5030;28260;11380
5/07/2012;5020;28480;11280
6/07/2012;5000;28460;11500
9/07/2012;4990;28500;11220
10/07/2012;4970;28000;11480
11/07/2012;5010;28600;11500
12/07/2012;4930;27900;11340
13/07/2012;4970;27980;11500
16/07/2012;4980;27520;11600
17/07/2012;4990;27760;11680
18/07/2012;5010;28000;11700
19/07/2012;4985;28240;11780
23/07/2012;4950;27500;11660
24/07/2012;4995;27500;11760
25/07/2012;4870;27280;11500
26/07/2012;4940;27280;11760
27/07/2012;5140;27820;11840
30/07/2012;5170;27840;11600
31/07/2012;5150;27860;11400
1/08/2012;5160;27500;11400
2/08/2012;5230;26300;11380
3/08/2012;5290;25500;11280
6/08/2012;5240;25220;11300
8/08/2012;5160;24900;11000
9/08/2012;5280;26000;11040
10/08/2012;5310;26000;11060
13/08/2012;5280;25800;11100
14/08/2012;5290;26000;11280
15/08/2012;5370;26500;11300
16/08/2012;5400;26320;11320
17/08/2012;5430;26240;11320
21/08/2012;5380;26140;11180
22/08/2012;5380;26300;11180
23/08/2012;5350;26500;11280
24/08/2012;5330;26340;11120
27/08/2012;5320;26380;11280
28/08/2012;5370;26760;11340
29/08/2012;5280;26500;11380
30/08/2012;5280;26300;11500
31/08/2012;5270;26320;10960
3/09/2012;5240;26580;10480
4/09/2012;5170;26020;10780
5/09/2012;5170;25980;10440
6/09/2012;5280;26500;10720
7/09/2012;5280;26720;10780
10/09/2012;5260;26400;10740
11/09/2012;5240;26620;10620
12/09/2012;5180;26940;10160
13/09/2012;5260;27100;10080
14/09/2012;5300;27280;10000
17/09/2012;5250;27200;9110
18/09/2012;5220;26960;9510
19/09/2012;5280;27200;9720
20/09/2012;5290;26980;9680
21/09/2012;5300;27200;9880
24/09/2012;5240;27060;9980
25/09/2012;5230;26880;9740
26/09/2012;5220;26740;9890
27/09/2012;5280;26800;9900
28/09/2012;5300;26660;9520
1/10/2012;5270;26720;9580
2/10/2012;5340;27000;9600
3/10/2012;5330;26840;9560
4/10/2012;5360;26920;9530
5/10/2012;5340;27140;9240
8/10/2012;5350;27100;9140
9/10/2012;5400;27120;9220
10/10/2012;5410;27200;9230
11/10/2012;5430;27300;9230
12/10/2012;5460;27300;9200
16/10/2012;5620;27300;9200
17/10/2012;5670;27860;9460
18/10/2012;5720;28200;9490
19/10/2012;5710;27980;9470
22/10/2012;5700;28140;9650
23/10/2012;5690;28020;9650
24/10/2012;5710;28020;9660
25/10/2012;5730;28640;9950
26/10/2012;5790;28540;9930
29/10/2012;5760;28700;9930
30/10/2012;5500;28420;9940
31/10/2012;5450;29220;9920
1/11/2012;5330;28680;9460
2/11/2012;5290;28500;9230
6/11/2012;5220;28680;9300
7/11/2012;5150;28400;9100
8/11/2012;5280;28300;9300
9/11/2012;5190;28600;9300
13/11/2012;5160;28300;9140
14/11/2012;5140;28400;9010
15/11/2012;5230;28500;8890
16/11/2012;5280;28380;8650
19/11/2012;5330;28600;8300
20/11/2012;5350;28720;8370
21/11/2012;5350;28620;8540
22/11/2012;5330;28820;8600
23/11/2012;5360;28860;8500
26/11/2012;5300;28920;8560
27/11/2012;5300;28600;8700
28/11/2012;5300;28600;8870
29/11/2012;5310;28840;8980
30/11/2012;5290;28700;9500
3/12/2012;5260;28980;9200
4/12/2012;5210;29380;9400
5/12/2012;5200;29700;9500
6/12/2012;5200;29800;9600
7/12/2012;5230;29700;9680
10/12/2012;5260;29800;9700
11/12/2012;5290;29600;9800
12/12/2012;5320;29600;9860
13/12/2012;5300;29800;9900
14/12/2012;5340;29720;9790
17/12/2012;5300;29880;9880
18/12/2012;5320;29640;9850
19/12/2012;5350;29900;9890
20/12/2012;5350;29800;9900
21/12/2012;5400;29880;9750
24/12/2012;5430;29900;9900
26/12/2012;5450;29600;9670
27/12/2012;5500;29840;9880
28/12/2012;5460;29820;9600
2/01/2013;5450;29860;9600
3/01/2013;5490;30200;9600
4/01/2013;5520;30580;9670
8/01/2013;5430;30540;9330
9/01/2013;5450;30700;9570
10/01/2013;5460;31000;9450
11/01/2013;5450;30700;9590
14/01/2013;5460;30980;9500
15/01/2013;5440;31060;9400
16/01/2013;5450;30980;9600
17/01/2013;5440;30800;9600
18/01/2013;5490;31000;9690
21/01/2013;5500;30900;9700
22/01/2013;5480;31100;9770
23/01/2013;5560;31060;9830
24/01/2013;5590;31060;9800
25/01/2013;5600;31000;9900
28/01/2013;5600;31000;9910
29/01/2013;5640;31100;9960
30/01/2013;5620;30820;10180
31/01/2013;5650;31180;9990
1/02/2013;5650;31460;10200
4/02/2013;5700;30840;10080
5/02/2013;5710;31200;10200
6/02/2013;5600;31080;10060
7/02/2013;5510;31200;10000
8/02/2013;5500;31000;9990
11/02/2013;5440;30000;9980
12/02/2013;5420;30400;10040
13/02/2013;5430;30600;10080
14/02/2013;5450;30700;10080
15/02/2013;5410;30800;10080
18/02/2013;5410;30680;10080
19/02/2013;5220;30000;10040
20/02/2013;5190;30080;9980
21/02/2013;5230;29660;9970
22/02/2013;5240;29900;10060
25/02/2013;5270;30000;10000
26/02/2013;5220;29780;9930
27/02/2013;5230;29700;9900
28/02/2013;5210;29800;9800
1/03/2013;5200;29000;9740
4/03/2013;5150;28840;9540
5/03/2013;5120;28800;9460
6/03/2013;5090;28940;9460
7/03/2013;5060;28960;9200
8/03/2013;5140;29300;9070
11/03/2013;5140;29300;9010
12/03/2013;5110;29560;9160
13/03/2013;5100;29020;9140
14/03/2013;5100;29200;9140
15/03/2013;5100;29500;9480
18/03/2013;4960;28980;9150
19/03/2013;4895;28900;9000
20/03/2013;4900;29040;8920
21/03/2013;4955;28520;9150
22/03/2013;5030;28480;8950
26/03/2013;5070;28980;8900
27/03/2013;5050;29000;9000
1/04/2013;4980;28680;8910
2/04/2013;4975;28800;8810
3/04/2013;4900;28540;8660
4/04/2013;4935;28660;8760
5/04/2013;5020;28980;8850
8/04/2013;4935;28980;8590
9/04/2013;4620;29480;8800
10/04/2013;4525;29680;8980
11/04/2013;4550;30280;9000
12/04/2013;4450;30380;8830
15/04/2013;4225;29420;8510
16/04/2013;4395;29800;8600
17/04/2013;4330;30400;8600
18/04/2013;4310;29900;8880
19/04/2013;4345;30320;8900
22/04/2013;4360;30400;8980
23/04/2013;4375;30560;8840
24/04/2013;4410;30640;8890
25/04/2013;4405;30900;8870
26/04/2013;4335;30800;8620
29/04/2013;4340;30860;8580
30/04/2013;4390;29900;8400
2/05/2013;4290;30900;8550
3/05/2013;4320;30360;8600
6/05/2013;4180;30860;8450
7/05/2013;4200;31000;8380
8/05/2013;4200;30000;8400
9/05/2013;4180;29700;8340
10/05/2013;4135;29060;8200
14/05/2013;4125;29600;7960
15/05/2013;4140;29300;8090
16/05/2013;4125;29000;8060
17/05/2013;4075;29120;8150
20/05/2013;3995;29120;8030
21/05/2013;4000;29380;8000
22/05/2013;4015;29120;8340
23/05/2013;4135;29200;8430
24/05/2013;4155;29300;8370
27/05/2013;4170;29320;8290
28/05/2013;4190;29580;8220
29/05/2013;4195;29260;8220
30/05/2013;4205;29060;8200
31/05/2013;4080;28000;7940
4/06/2013;4120;28100;8080
5/06/2013;4110;28200;8050
6/06/2013;4085;28000;8090
7/06/2013;4135;28000;7960
11/06/2013;4060;27660;7960
12/06/2013;3955;27300;7590
13/06/2013;3975;27020;7650
14/06/2013;4000;27000;7600
17/06/2013;4085;27140;7620
18/06/2013;4180;27560;7620
19/06/2013;4120;27540;7880
20/06/2013;3960;27200;7830
21/06/2013;3975;26200;7400
24/06/2013;3850;26400;7350
25/06/2013;3850;26100;7400
26/06/2013;3885;26900;7430
27/06/2013;3900;26860;7410
28/06/2013;4080;27000;7570
2/07/2013;4080;26700;7550
3/07/2013;4045;26480;7600
4/07/2013;4100;26480;7510
5/07/2013;4035;26380;7410
8/07/2013;4010;26400;7430
9/07/2013;3955;26360;7430
10/07/2013;3875;25560;7440
11/07/2013;4050;25500;7650
12/07/2013;4060;25780;7850
15/07/2013;4140;26100;7840
16/07/2013;4160;26200;7810
17/07/2013;4235;26320;8200
18/07/2013;4295;26860;8180
19/07/2013;4330;26920;8200
22/07/2013;4320;26620;8070
23/07/2013;4390;27260;8300
24/07/2013;4385;27500;8500
25/07/2013;4340;27640;8600
26/07/2013;4325;27700;8500
29/07/2013;4300;27720;8350
30/07/2013;4305;27800;8320
31/07/2013;4335;27200;8040
1/08/2013;4350;27620;8370
2/08/2013;4330;27940;8700
5/08/2013;4345;27820;8800
6/08/2013;4455;27200;8640
8/08/2013;4320;27320;8680
9/08/2013;4340;27680;8900
12/08/2013;4335;27720;8890
13/08/2013;4340;27900;8930
14/08/2013;4355;28320;9180
15/08/2013;4345;28000;9220
16/08/2013;4370;27680;9080
20/08/2013;4390;27400;9090
21/08/2013;4360;27580;9140
22/08/2013;4360;27480;9070
23/08/2013;4350;27660;9030
26/08/2013;4355;27480;9030
27/08/2013;4370;27500;9020
28/08/2013;4465;27460;9230
29/08/2013;4385;27380;9160
30/08/2013;4335;26880;9240
2/09/2013;4355;27040;9220
3/09/2013;4350;26700;9320
4/09/2013;4395;26680;9360
5/09/2013;4415;27280;9310
6/09/2013;4390;27160;9320
9/09/2013;4425;27440;9380
10/09/2013;4495;27640;9640
11/09/2013;4495;27680;9650
12/09/2013;4490;26980;9600
13/09/2013;4450;27060;9650
16/09/2013;4435;27220;9580
17/09/2013;4445;27540;9740
18/09/2013;4490;27540;9720
19/09/2013;4425;27500;9660
20/09/2013;4440;27260;9620
23/09/2013;4465;27460;9750
24/09/2013;4460;27540;9710
25/09/2013;4445;27380;9700
26/09/2013;4435;27320;9620
27/09/2013;4425;27440;9700
30/09/2013;4380;27420;9450
1/10/2013;4375;27380;9490
2/10/2013;4340;27420;9310
3/10/2013;4335;27380;9320
4/10/2013;4325;27420;9310
7/10/2013;4340;27400;9450
8/10/2013;4355;27300;9480
9/10/2013;4320;27240;9490
10/10/2013;4360;27380;9400
11/10/2013;4385;27580;9380
15/10/2013;4460;27380;9360
16/10/2013;4515;27140;9350
17/10/2013;4515;27060;9400
18/10/2013;4570;27100;9580
21/10/2013;4565;26780;9680
22/10/2013;4535;26620;9660
23/10/2013;4540;26500;9540
24/10/2013;4590;26600;9440
25/10/2013;4590;26900;9350
28/10/2013;4555;26780;9320
29/10/2013;4555;26920;9400
30/10/2013;4470;26840;9490
31/10/2013;4500;26500;9360
1/11/2013;4470;26740;9480
5/11/2013;4410;26420;9450
6/11/2013;4490;26120;9230
7/11/2013;4415;25840;8960
8/11/2013;4235;25440;8870
12/11/2013;4030;25120;8720
13/11/2013;4175;25500;8800
14/11/2013;4150;25580;8880
15/11/2013;4110;25580;8860
18/11/2013;4070;25900;8750
19/11/2013;4050;25620;8870
20/11/2013;4055;25500;8600
21/11/2013;4035;25400;8700
22/11/2013;4045;25180;8630
25/11/2013;3980;24740;8690
26/11/2013;3925;24180;8800
27/11/2013;3905;24060;8900
28/11/2013;3935;24400;8860
29/11/2013;3935;24760;8620
2/12/2013;4035;24020;8700
3/12/2013;4025;24040;8970
4/12/2013;3975;23680;8570
5/12/2013;4030;24020;8800
6/12/2013;4100;24000;8700
9/12/2013;4160;24100;8920
10/12/2013;4135;23900;8900
11/12/2013;4155;23660;9040
12/12/2013;4145;23580;9100
13/12/2013;4130;23500;9000
16/12/2013;3865;23860;8840
17/12/2013;3875;24020;9120
18/12/2013;3705;23620;9030
19/12/2013;3695;23640;9060
20/12/2013;3790;24940;8810
23/12/2013;3735;23900;8600
24/12/2013;3800;24160;8970
26/12/2013;3735;23400;8870
27/12/2013;3740;23620;8920
30/12/2013;3700;23440;9100
2/01/2014;3700;23600;9050
3/01/2014;3650;23400;8980
7/01/2014;3550;24100;8650
8/01/2014;3465;23540;8870
9/01/2014;3445;23560;8820
10/01/2014;3415;23500;8890
13/01/2014;3415;23100;8890
14/01/2014;3425;23100;8790
15/01/2014;3485;23380;8720
16/01/2014;3440;23240;8370
17/01/2014;3485;23300;8340
20/01/2014;3490;23260;8500
21/01/2014;3480;23520;8360
22/01/2014;3520;23700;8400
23/01/2014;3470;23540;8120
24/01/2014;3390;22800;8280
27/01/2014;3425;23000;8140
28/01/2014;3455;22760;7700
29/01/2014;3405;22620;7600
30/01/2014;3510;22160;7650
31/01/2014;3520;22220;7420
3/02/2014;3480;22100;7580
4/02/2014;3480;22300;7640
5/02/2014;3560;22220;7750
6/02/2014;3620;22700;7760
7/02/2014;3590;23200;7870
10/02/2014;3540;23000;7780
11/02/2014;3590;23400;7630
12/02/2014;3700;23180;7520
13/02/2014;3670;23160;7630
14/02/2014;3655;23140;7700
17/02/2014;3625;22900;7600
18/02/2014;3695;22900;7480
19/02/2014;3770;23100;7570
20/02/2014;3680;22720;7330
21/02/2014;3610;23440;7420
24/02/2014;3635;24220;7470
25/02/2014;3540;24080;7430
26/02/2014;3430;24340;7500
27/02/2014;3440;24800;7600
28/02/2014;3500;25460;7600
3/03/2014;3430;25260;7420
4/03/2014;3510;26000;7550
5/03/2014;3585;26160;7750
6/03/2014;3650;27000;7860
7/03/2014;3630;26280;7830
10/03/2014;3605;26260;7850
11/03/2014;3635;25980;8020
12/03/2014;3625;26700;8030
13/03/2014;3635;26000;8150
14/03/2014;3600;26380;8080
17/03/2014;3605;26480;8190
18/03/2014;3625;26440;8150
19/03/2014;3675;26120;8090
20/03/2014;3700;26340;8140
21/03/2014;3720;26100;8300
25/03/2014;3825;26240;8580
26/03/2014;3830;26400;8600
27/03/2014;3910;26700;8710
28/03/2014;3975;26980;8780
31/03/2014;4030;27440;8790
1/04/2014;4000;27460;8890
2/04/2014;4030;27200;9080
3/04/2014;4025;27680;9120
4/04/2014;3970;27560;9010
7/04/2014;3945;27200;8970
8/04/2014;3875;27300;9000
9/04/2014;3900;26720;9030
10/04/2014;3945;27300;9050
11/04/2014;3925;27340;9000
14/04/2014;3950;27320;9090
15/04/2014;3960;26780;8960
16/04/2014;3885;27180;9080
21/04/2014;3830;27180;8930
22/04/2014;3580;27300;8920
23/04/2014;3510;27180;8910
24/04/2014;3500;26620;8990
25/04/2014;3545;26720;8970
28/04/2014;3450;27040;8920
29/04/2014;3500;27240;8950
30/04/2014;3605;27400;9080
2/05/2014;3555;27240;9040
5/05/2014;3480;27320;8900
6/05/2014;3480;27280;8870
7/05/2014;3515;27200;9060
8/05/2014;3515;27300;9370
9/05/2014;3525;27140;9460
12/05/2014;3525;27220;9500
13/05/2014;3525;27200;9520
14/05/2014;3570;26880;9450
15/05/2014;3595;26340;9400
16/05/2014;3610;26480;9500
19/05/2014;3630;26040;9440
20/05/2014;3570;25820;9480
21/05/2014;3625;25960;9500
22/05/2014;3555;26300;9590
23/05/2014;3515;26620;9600
26/05/2014;3515;26400;9450
27/05/2014;3490;26200;9360
28/05/2014;3455;26140;9150
29/05/2014;3500;26140;9240
30/05/2014;3430;26520;9000
3/06/2014;3490;27300;9170
4/06/2014;3480;26940;9190
5/06/2014;3520;26900;9300
6/06/2014;3500;27100;9210
9/06/2014;3510;27340;9170
10/06/2014;3650;27700;9310
11/06/2014;3645;27680;9300
12/06/2014;3615;27560;9190
13/06/2014;3645;27500;9210
16/06/2014;3645;27960;9270
17/06/2014;3520;27940;9310
18/06/2014;3510;28000;9460
19/06/2014;3475;27880;9500
20/06/2014;3480;27900;9450
24/06/2014;3485;27700;9490
25/06/2014;3490;27480;9490
26/06/2014;3430;27260;9350
27/06/2014;3410;27500;9170
1/07/2014;3370;27360;9140
2/07/2014;3340;27340;9140
3/07/2014;3350;27360;9190
4/07/2014;3320;27460;9160
7/07/2014;3345;27400;9110
8/07/2014;3230;27600;9120
9/07/2014;3160;27400;9080
10/07/2014;3190;27300;9080
11/07/2014;3250;27300;9080
14/07/2014;3185;27620;9130
15/07/2014;3225;28180;9000
16/07/2014;3315;28200;8980
17/07/2014;3310;28400;8940
18/07/2014;3305;28300;9030
21/07/2014;3300;28340;9050
22/07/2014;3300;28340;9070
23/07/2014;3270;28760;9090
24/07/2014;3215;28980;9120
25/07/2014;3240;29160;9150
28/07/2014;3270;29960;9280
29/07/2014;3200;29600;9290
30/07/2014;3210;29600;9290
31/07/2014;3180;29000;9230
1/08/2014;3130;29480;9200
4/08/2014;3190;30080;9180
5/08/2014;3255;30000;9190
6/08/2014;3275;29500;9200
8/08/2014;3245;29640;9270
11/08/2014;3250;29980;9300
12/08/2014;3160;30300;9410
13/08/2014;3195;30440;9450
14/08/2014;3110;30680;9450
15/08/2014;3135;30600;9440
19/08/2014;3170;30600;9450
20/08/2014;3240;30700;9550
21/08/2014;3255;30740;9670
22/08/2014;3190;30340;9620
25/08/2014;3215;30420;9590
26/08/2014;3275;30000;9560
27/08/2014;3330;30000;9670
28/08/2014;3305;30000;9640
29/08/2014;3325;30400;9700
1/09/2014;3335;30400;9740
2/09/2014;3365;30680;9800
3/09/2014;3380;31000;9720
4/09/2014;3365;30700;9680
5/09/2014;3365;30600;9510
8/09/2014;3335;29940;9540
9/09/2014;3375;29100;9420
10/09/2014;3375;29400;9530
11/09/2014;3365;29240;9360
12/09/2014;3345;29460;9360
15/09/2014;3350;29340;9400
16/09/2014;3355;29300;9360
17/09/2014;3360;29200;9490
18/09/2014;3340;29380;9550
19/09/2014;3360;29400;9520
22/09/2014;3280;29540;9470
23/09/2014;3245;29020;9350
24/09/2014;3230;29140;9250
25/09/2014;3200;28620;9300
26/09/2014;3210;28820;9250
29/09/2014;3205;28800;9340
30/09/2014;3165;28660;9260
1/10/2014;3140;28400;9000
2/10/2014;3115;28000;8880
3/10/2014;3110;28840;9200
6/10/2014;3100;29000;9380
7/10/2014;3070;29000;9280
8/10/2014;2990;29240;9060
9/10/2014;3030;29520;9000
10/10/2014;2920;29040;8750
14/10/2014;2945;28920;8210
15/10/2014;2975;28240;8230
16/10/2014;3050;28360;8230
17/10/2014;3010;28880;8420
20/10/2014;3010;28880;8300
21/10/2014;3050;28720;8230
22/10/2014;2930;28480;8430
23/10/2014;2945;28500;8600
24/10/2014;2940;28200;8700
27/10/2014;2845;28220;8660
28/10/2014;2835;28600;8660
29/10/2014;2860;28500;8620
30/10/2014;2820;28780;8600
31/10/2014;2750;28920;8800
4/11/2014;2630;28860;8890
5/11/2014;2675;29200;9000
6/11/2014;2675;29740;9100
7/11/2014;2690;29600;9000
10/11/2014;2675;29980;8980
11/11/2014;2660;30080;8960
12/11/2014;2675;30220;8900
13/11/2014;2635;30200;8780
14/11/2014;2665;30020;8970
18/11/2014;2680;29860;8810
19/11/2014;2690;30080;8800
20/11/2014;2705;30100;8940
21/11/2014;2715;30340;8730
24/11/2014;2680;30100;8830
25/11/2014;2660;29800;8470
26/11/2014;2570;29700;8110
27/11/2014;2425;29240;8130
28/11/2014;2290;28640;8200
1/12/2014;2285;28860;8170
2/12/2014;2200;29000;8000
3/12/2014;2285;29500;8140
4/12/2014;2215;28500;8070
5/12/2014;2175;28800;8140
9/12/2014;2080;28800;8280
10/12/2014;1880;28400;7840
11/12/2014;1890;27340;7650
12/12/2014;1870;26480;7790
15/12/2014;1815;26260;7420
16/12/2014;1860;26700;7500
17/12/2014;1910;27800;7890
18/12/2014;1930;28180;8010
19/12/2014;2000;28040;8100
22/12/2014;2080;29280;8540
23/12/2014;2120;29200;8710
24/12/2014;2100;29060;8640
26/12/2014;2085;28460;8640
29/12/2014;2050;28380;8260
30/12/2014;2080;28640;8630
2/01/2015;1955;28480;8600
5/01/2015;1815;27820;7930
6/01/2015;1835;28180;7850
7/01/2015;1885;27960;7920
8/01/2015;1960;27380;8000
9/01/2015;1965;27320;8280
13/01/2015;1915;27980;7850
14/01/2015;1895;27260;7780
15/01/2015;1850;27320;7720
16/01/2015;1880;27000;7630
19/01/2015;1850;27160;7550
20/01/2015;1870;27380;7600
21/01/2015;1930;27400;7730
22/01/2015;1950;27700;8060
23/01/2015;2010;28000;7960
26/01/2015;2035;28560;7800
27/01/2015;2030;28580;8000
28/01/2015;1975;28340;7840
29/01/2015;1965;28420;7740
30/01/2015;1955;28880;7500
2/02/2015;2080;28420;7570
3/02/2015;2305;28220;7760
4/02/2015;2190;27940;7970
5/02/2015;2230;27940;8020
6/02/2015;2215;28000;8120
9/02/2015;2220;27640;7930
10/02/2015;2090;27560;7700
11/02/2015;2070;27300;7690
12/02/2015;2125;26660;7730
13/02/2015;2200;26760;7900
16/02/2015;2185;26680;7950
17/02/2015;2195;26480;7960
18/02/2015;2190;26620;7900
19/02/2015;2150;26600;7810
20/02/2015;2110;26400;7810
23/02/2015;2140;26460;7880
24/02/2015;2150;26000;7870
25/02/2015;2145;25960;7820
26/02/2015;2090;25940;7870
27/02/2015;2085;25800;7810
2/03/2015;2005;25400;7760
3/03/2015;1895;25480;7650
4/03/2015;1920;25300;7660
5/03/2015;1905;25000;7660
6/03/2015;1875;24200;7450
9/03/2015;1800;23800;7600
10/03/2015;1820;24060;7450
11/03/2015;1850;24160;7300
12/03/2015;1875;24620;7360
13/03/2015;1880;25180;7390
16/03/2015;1870;25600;7400
17/03/2015;1905;25600;7450
18/03/2015;1925;26100;7510
19/03/2015;1870;25940;7410
20/03/2015;1975;25500;7380
24/03/2015;1935;24360;7410
25/03/2015;1965;25100;7400
26/03/2015;1995;24980;7420
27/03/2015;1970;24800;7400
30/03/2015;1970;25060;7400
31/03/2015;1975;25400;7430
1/04/2015;2000;26000;7660
6/04/2015;2065;26300;7730
7/04/2015;2065;25940;7740
8/04/2015;2015;25800;7800
9/04/2015;2035;25980;7880
10/04/2015;2020;25960;7850
13/04/2015;2030;26360;7900
14/04/2015;2045;26680;7950
15/04/2015;2070;26580;7870
16/04/2015;2085;26400;7960
17/04/2015;2060;26280;7970
20/04/2015;2020;26080;7970
21/04/2015;1985;25920;7950
22/04/2015;2015;26500;7940
23/04/2015;2035;26900;8080
24/04/2015;2060;27400;8100
27/04/2015;2075;27560;8300
28/04/2015;2050;27760;8360
29/04/2015;2040;27460;8290
30/04/2015;2030;26060;8000
4/05/2015;2035;27100;8110
5/05/2015;2065;27480;8400
6/05/2015;2070;27240;8400
7/05/2015;1990;26920;8120
8/05/2015;1940;26760;8170
11/05/2015;1900;27220;8080
12/05/2015;1900;27180;8130
13/05/2015;1945;27220;8060
14/05/2015;1965;27360;8020
15/05/2015;1965;27440;8050
19/05/2015;1875;27900;8190
20/05/2015;1905;27900;8220
21/05/2015;1930;27300;8200
22/05/2015;1935;27060;8130
25/05/2015;1925;26900;8130
26/05/2015;1890;26600;8010
27/05/2015;1805;25980;7850
28/05/2015;1840;26000;7830
29/05/2015;1815;25900;8190
1/06/2015;1800;25580;8110
2/06/2015;1815;26100;7920
3/06/2015;1805;26080;7920
4/06/2015;1800;25640;7980
5/06/2015;1815;25940;7880
9/06/2015;1835;25500;7820
10/06/2015;1840;26000;7710
11/06/2015;1810;26740;7710
12/06/2015;1790;26660;7610
16/06/2015;1625;27660;7540
17/06/2015;1645;27560;7600
18/06/2015;1665;27760;7590
19/06/2015;1635;27420;7410
22/06/2015;1655;27720;7450
23/06/2015;1725;27920;7600
24/06/2015;1725;27500;7580
25/06/2015;1695;27120;7450
26/06/2015;1710;27600;7360
30/06/2015;1730;27900;7350
1/07/2015;1645;27500;7210
2/07/2015;1675;27360;7250
3/07/2015;1650;27120;7250
6/07/2015;1635;27000;7280
7/07/2015;1650;26900;7300
8/07/2015;1600;26660;7210
9/07/2015;1645;26760;7240
10/07/2015;1625;27700;7240
13/07/2015;1635;27360;7290
14/07/2015;1655;27560;7450
15/07/2015;1635;27600;7480
16/07/2015;1630;27600;7410
17/07/2015;1610;27400;7330
21/07/2015;1635;26800;7150
22/07/2015;1610;26900;7200
23/07/2015;1625;27200;7110
24/07/2015;1585;27300;7090
27/07/2015;1545;27220;6940
28/07/2015;1560;27360;6950
29/07/2015;1640;27940;7190
30/07/2015;1645;27700;7160
31/07/2015;1610;27660;7080
3/08/2015;1565;27680;7020
4/08/2015;1580;27700;7030
5/08/2015;1530;28000;7090
6/08/2015;1565;28000;7000
10/08/2015;1540;27720;7120
11/08/2015;1500;27300;7060
12/08/2015;1530;27320;7050
13/08/2015;1530;27240;6780
14/08/2015;1510;26760;6900
18/08/2015;1515;26020;6800
19/08/2015;1450;25080;6860
20/08/2015;1465;24840;6670
21/08/2015;1460;24100;6310
24/08/2015;1430;24200;5720
25/08/2015;1425;24400;5420
26/08/2015;1425;24920;5610
27/08/2015;1510;25800;6230
28/08/2015;1545;25980;6300
31/08/2015;1595;26380;6640
1/09/2015;1500;25700;6500
2/09/2015;1520;26200;6420
3/09/2015;1515;26420;6700
4/09/2015;1500;25800;6700
7/09/2015;1475;25720;6710
8/09/2015;1465;26240;6680
9/09/2015;1435;25600;7000
10/09/2015;1450;26160;7050
11/09/2015;1405;25700;7000
14/09/2015;1410;25980;7040
15/09/2015;1395;26080;7150
16/09/2015;1425;26560;7190
17/09/2015;1440;26140;7210
18/09/2015;1425;25800;7000
21/09/2015;1415;25420;6840
22/09/2015;1395;24640;6990
23/09/2015;1355;24160;7000
24/09/2015;1365;24840;6970
25/09/2015;1350;24440;7000
28/09/2015;1285;24500;6830
29/09/2015;1305;24460;6830
30/09/2015;1330;24960;7150
1/10/2015;1320;25000;7120
2/10/2015;1340;25240;7180
5/10/2015;1390;26000;7280
6/10/2015;1440;26700;7350
7/10/2015;1495;27620;7320
8/10/2015;1515;27680;7280
9/10/2015;1500;28000;7060
13/10/2015;1495;26900;7230
14/10/2015;1480;27200;7020
15/10/2015;1470;27120;6940
16/10/2015;1460;27100;7080
19/10/2015;1390;27200;6870
20/10/2015;1395;27180;6700
21/10/2015;1375;27300;6790
22/10/2015;1390;26940;6870
23/10/2015;1370;27100;6880
26/10/2015;1365;27100;6890
27/10/2015;1345;26680;6900
28/10/2015;1365;25620;7000
29/10/2015;1345;25380;6930
30/10/2015;1350;25120;6940
3/11/2015;1415;24460;7000
4/11/2015;1400;24720;7170
5/11/2015;1415;25080;7240
6/11/2015;1410;25180;7200
9/11/2015;1395;25080;7120
10/11/2015;1395;25160;7100
11/11/2015;1360;24760;7000
12/11/2015;1340;24580;6830
13/11/2015;1350;23860;6790
17/11/2015;1325;23060;6300
18/11/2015;1320;23100;6580
19/11/2015;1310;22860;6660
20/11/2015;1295;23400;6770
23/11/2015;1330;23440;6620
24/11/2015;1340;22860;6630
25/11/2015;1340;22400;6690
26/11/2015;1325;22700;6600
27/11/2015;1300;22320;6540
30/11/2015;1305;22400;6800
1/12/2015;1285;22300;6650
2/12/2015;1260;21500;6600
3/12/2015;1255;21040;6800
4/12/2015;1205;20700;6700
7/12/2015;1160;20380;6690
9/12/2015;1160;20420;6700
10/12/2015;1135;20400;6770
11/12/2015;1105;20500;6900
14/12/2015;1090;20300;6980
15/12/2015;1170;21020;6990
16/12/2015;1160;22600;7000
17/12/2015;1155;22780;7080
18/12/2015;1230;22500;7300
21/12/2015;1155;22000;7190
22/12/2015;1165;21900;7100
23/12/2015;1205;22780;7170
24/12/2015;1170;22520;7060
28/12/2015;1150;22120;7210
29/12/2015;1130;21940;7280
30/12/2015;1110;21600;7380
4/01/2016;1105;21280;7050
5/01/2016;1085;21760;7180
6/01/2016;1060;21200;7080
7/01/2016;1035;20760;7180
8/01/2016;1015;20840;7040
12/01/2016;955;20920;7170
13/01/2016;961;20960;7180
14/01/2016;987;22320;7200
15/01/2016;978;21100;6900
18/01/2016;881;20700;6870
19/01/2016;923;21600;7180
20/01/2016;914;22000;7130
21/01/2016;950;22400;7190
22/01/2016;1020;23280;7250
25/01/2016;958;22780;7090
26/01/2016;975;22740;7150
27/01/2016;990;22900;7160
28/01/2016;1020;23240;7240
29/01/2016;1030;23980;7360
1/02/2016;1020;24040;7490
2/02/2016;993;23740;7670
3/02/2016;1035;24560;7580
4/02/2016;1050;24460;7600
5/02/2016;1045;24740;7500
8/02/2016;1060;24620;7480
9/02/2016;1025;24460;7570
10/02/2016;1030;24420;7650
11/02/2016;1035;24120;7680
12/02/2016;1065;24760;7660
15/02/2016;1070;24780;7760
16/02/2016;1045;24760;7650
17/02/2016;1155;25100;7780
18/02/2016;1160;24820;7840
19/02/2016;1130;24600;7860
22/02/2016;1165;24740;7890
23/02/2016;1145;24660;7950
24/02/2016;1135;24460;7940
25/02/2016;1150;24400;7970
26/02/2016;1160;24760;7900
29/02/2016;1140;24740;7750
1/03/2016;1170;24880;8000
2/03/2016;1260;25200;8040
3/03/2016;1320;25700;8110
4/03/2016;1365;25700;8190
7/03/2016;1425;26260;8260
8/03/2016;1340;26200;8240
9/03/2016;1340;26400;8260
10/03/2016;1350;26400;8220
11/03/2016;1360;26800;8190
14/03/2016;1335;26520;8190
15/03/2016;1285;25900;8190
16/03/2016;1345;25400;8180
17/03/2016;1380;26020;8240
18/03/2016;1325;26200;8420
22/03/2016;1350;25680;8600
23/03/2016;1340;25460;8700
28/03/2016;1290;25300;8700
29/03/2016;1280;25080;8670
30/03/2016;1310;25540;8700
31/03/2016;1310;25880;8650
1/04/2016;1300;25520;8590
4/04/2016;1290;26100;8590
5/04/2016;1265;25600;8420
6/04/2016;1265;25780;8450
7/04/2016;1220;25780;8380
8/04/2016;1280;26020;8380
11/04/2016;1290;26340;8450
12/04/2016;1380;27280;8590
13/04/2016;1400;28060;8640
14/04/2016;1380;27800;8600
15/04/2016;1350;27780;8600
18/04/2016;1360;27500;8740
19/04/2016;1380;27920;8750
20/04/2016;1425;28400;8800
21/04/2016;1430;28500;8700
22/04/2016;1435;28460;8740
25/04/2016;1415;28280;8660
26/04/2016;1445;28240;8850
27/04/2016;1460;28300;8850
28/04/2016;1440;28180;8850
29/04/2016;1415;27080;8700
2/05/2016;1370;27160;8640
3/05/2016;1370;26800;8580
4/05/2016;1395;26580;8620
5/05/2016;1390;26020;8410
6/05/2016;1395;26220;8500
10/05/2016;1405;26980;8700
11/05/2016;1400;26800;8820
12/05/2016;1420;27020;8850
13/05/2016;1405;27120;8830
16/05/2016;1445;27340;8890
17/05/2016;1465;27040;8770
18/05/2016;1405;27300;8700
19/05/2016;1415;26900;8700
20/05/2016;1400;27000;8760
23/05/2016;1395;27200;8850
24/05/2016;1385;26680;8930
25/05/2016;1410;25760;8900
26/05/2016;1395;26080;8760
27/05/2016;1395;25640;8900
31/05/2016;1340;25280;8800
1/06/2016;1360;25360;8860
2/06/2016;1375;25440;8810
3/06/2016;1370;25720;8810
7/06/2016;1420;25200;8890
8/06/2016;1450;25980;8850
9/06/2016;1450;25900;8860
10/06/2016;1410;25440;8830
13/06/2016;1400;25300;8800
14/06/2016;1395;25140;8720
15/06/2016;1395;25280;8680
16/06/2016;1395;25400;8640
17/06/2016;1415;25520;8610
20/06/2016;1420;25700;8720
21/06/2016;1425;25720;8860
22/06/2016;1410;25780;8870
23/06/2016;1410;26200;8900
24/06/2016;1400;25680;8900
27/06/2016;1370;25300;8800
28/06/2016;1385;25340;8790
29/06/2016;1395;25620;8810
30/06/2016;1395;25480;8940
1/07/2016;1405;25700;8920
5/07/2016;1370;25400;8920
6/07/2016;1370;25420;9000
7/07/2016;1355;25380;8820
8/07/2016;1350;25320;8800
11/07/2016;1370;25540;8950
12/07/2016;1390;25780;9100
13/07/2016;1395;25780;9170
14/07/2016;1410;25860;9200
15/07/2016;1400;26040;9180
18/07/2016;1410;25980;9130
19/07/2016;1390;25960;9190
21/07/2016;1365;26000;9100
22/07/2016;1360;26160;9190
25/07/2016;1335;25860;9120
26/07/2016;1340;25800;9100
27/07/2016;1325;26120;9130
28/07/2016;1295;26000;9150
29/07/2016;1300;26300;9090
1/08/2016;1250;26020;9130
2/08/2016;1205;26080;9160
3/08/2016;1235;26300;9100
4/08/2016;1240;26360;9170
5/08/2016;1230;26500;9270
8/08/2016;1260;26500;9350
9/08/2016;1240;26900;9410
10/08/2016;1225;26960;9400
11/08/2016;1230;27180;9480
12/08/2016;1220;27180;9450
16/08/2016;1275;27380;9700
17/08/2016;1320;27320;9670
18/08/2016;1330;27180;9650
19/08/2016;1320;27720;9610
22/08/2016;1290;28080;9620
23/08/2016;1330;28180;9700
24/08/2016;1325;28280;9800
25/08/2016;1325;28360;9860
26/08/2016;1320;28640;9890
29/08/2016;1320;28560;9880
30/08/2016;1325;28640;9820
31/08/2016;1320;29100;9900
1/09/2016;1295;29260;9860
2/09/2016;1320;29880;9850
5/09/2016;1345;29780;9900
6/09/2016;1340;29760;9970
7/09/2016;1365;30200;10200
8/09/2016;1400;29940;10220
9/09/2016;1360;29780;9800
12/09/2016;1335;29700;9660
13/09/2016;1300;29220;9640
14/09/2016;1275;29020;9890
15/09/2016;1265;29280;9900
16/09/2016;1230;28200;10080
19/09/2016;1220;28200;9980
20/09/2016;1205;27720;10040
21/09/2016;1235;27600;9930
22/09/2016;1245;28000;10040
23/09/2016;1215;27800;10000
26/09/2016;1205;27680;9860
27/09/2016;1170;27260;9700
28/09/2016;1230;28320;9930
29/09/2016;1245;28100;9680
30/09/2016;1250;27940;9750
3/10/2016;1265;27640;9650
4/10/2016;1275;27800;9740
5/10/2016;1310;27820;9660
6/10/2016;1325;27640;9720
7/10/2016;1315;28060;9790
10/10/2016;1340;27800;9740
11/10/2016;1325;28180;9850
12/10/2016;1315;28040;9840
13/10/2016;1325;28280;9820
14/10/2016;1315;28100;9900
18/10/2016;1345;28300;9930
19/10/2016;1370;28460;9930
20/10/2016;1340;28600;9930
21/10/2016;1345;28660;9940
24/10/2016;1340;28660;9900
25/10/2016;1330;28440;9960
26/10/2016;1335;28540;9970
27/10/2016;1340;28500;10000
28/10/2016;1315;28600;10000
31/10/2016;1310;28540;9990
1/11/2016;1330;29140;10060
2/11/2016;1310;29060;10160
3/11/2016;1300;29060;10200
4/11/2016;1300;28520;10100
8/11/2016;1310;28680;10160
9/11/2016;1325;28380;10240
10/11/2016;1280;27520;9940
11/11/2016;1270;27140;9800
15/11/2016;1295;26860;9740
16/11/2016;1275;26900;9820
17/11/2016;1280;26820;9950
18/11/2016;1280;26820;9930
21/11/2016;1315;26500;9950
22/11/2016;1315;26120;9950
23/11/2016;1300;26500;9990
24/11/2016;1300;26400;9940
25/11/2016;1290;26140;9940
28/11/2016;1285;25900;9950
29/11/2016;1240;25640;9900
30/11/2016;1320;26000;9900
1/12/2016;1325;26320;10000
2/12/2016;1320;26600;10100
5/12/2016;1315;26820;10160
6/12/2016;1315;26860;10200
7/12/2016;1305;26820;10260
9/12/2016;1320;26980;10180
12/12/2016;1345;27000;10060
13/12/2016;1350;27300;10060
14/12/2016;1340;26900;9970
15/12/2016;1350;27800;9960
16/12/2016;1380;27680;9980
19/12/2016;1385;27240;9970
20/12/2016;1385;27100;9980
21/12/2016;1380;26980;9900
22/12/2016;1355;27200;9850
23/12/2016;1335;26940;9820
26/12/2016;1355;27180;9840
27/12/2016;1365;26920;9910
28/12/2016;1380;27460;9980
29/12/2016;1380;27180;9980
2/01/2017;1360;27120;9930
3/01/2017;1380;27640;9960
4/01/2017;1400;27860;10080
5/01/2017;1415;27840;10140
6/01/2017;1395;27840;10180
10/01/2017;1390;28280;10140
11/01/2017;1410;28380;10120
12/01/2017;1400;28180;10100
13/01/2017;1405;27920;10120
16/01/2017;1400;27700;10060
17/01/2017;1400;27720;10080
18/01/2017;1390;27840;10160
19/01/2017;1395;27660;10140
20/01/2017;1385;27660;10140
23/01/2017;1400;27660;10140
24/01/2017;1400;27740;10200
25/01/2017;1385;27780;10260
26/01/2017;1390;28160;10400
27/01/2017;1390;27780;10520
30/01/2017;1370;27620;10500
31/01/2017;1375;27560;10560
1/02/2017;1395;27580;10480
2/02/2017;1390;27840;10540
3/02/2017;1385;27800;10640
6/02/2017;1375;27800;10760
7/02/2017;1355;27480;10620
8/02/2017;1355;27280;10520
9/02/2017;1355;27220;10600
10/02/2017;1380;27240;10560
13/02/2017;1375;27300;10740
14/02/2017;1365;26840;10600
15/02/2017;1365;27300;10700
16/02/2017;1360;27640;10800
17/02/2017;1350;27340;10840
20/02/2017;1355;27400;10760
21/02/2017;1345;27200;10780
22/02/2017;1310;27400;10800
23/02/2017;1335;27820;10980
24/02/2017;1320;27240;11260
27/02/2017;1335;27680;11220
28/02/2017;1320;27300;11200
1/03/2017;1310;27520;11440
2/03/2017;1315;27400;11380
3/03/2017;1320;27580;11320
6/03/2017;1320;27640;11340
7/03/2017;1330;27540;11340
8/03/2017;1295;27600;11420
9/03/2017;1310;27400;11340
10/03/2017;1315;27600;11360
13/03/2017;1315;27880;11400
14/03/2017;1290;27100;11240
15/03/2017;1315;27360;11340
16/03/2017;1320;27660;11380
17/03/2017;1300;27560;11480
21/03/2017;1325;27880;11680
22/03/2017;1320;28500;11580
23/03/2017;1320;28500;11660
24/03/2017;1315;28460;11560
27/03/2017;1305;28780;11540
28/03/2017;1325;29140;11560
29/03/2017;1340;28800;11520
30/03/2017;1340;29060;11600
31/03/2017;1350;28700;11600
3/04/2017;1350;29100;11540
4/04/2017;1355;29080;11520
5/04/2017;1350;29200;11580
6/04/2017;1355;28860;11520
7/04/2017;1365;28700;11620
10/04/2017;1385;29060;11640
11/04/2017;1390;29040;11600
12/04/2017;1400;28720;11700
17/04/2017;1370;28920;11660
18/04/2017;1375;28560;11660
19/04/2017;1375;28000;11500
20/04/2017;1380;28220;11420
21/04/2017;1365;28360;11440
24/04/2017;1360;28660;11540
25/04/2017;1365;29000;11560
26/04/2017;1380;28960;11640
27/04/2017;1340;28500;11640
28/04/2017;1360;28720;11660
2/05/2017;1335;29280;11700
3/05/2017;1355;29160;11680
4/05/2017;1345;29560;11560
5/05/2017;1365;29660;11640
8/05/2017;1385;30200;11860
9/05/2017;1380;30680;11860
10/05/2017;1380;31140;12180
11/05/2017;1375;31460;12280
12/05/2017;1445;31600;12400
15/05/2017;1480;31800;12680
16/05/2017;1450;32160;12580
17/05/2017;1410;31880;12660
18/05/2017;1410;31660;12640
19/05/2017;1435;32140;12240
22/05/2017;1425;32040;12620
23/05/2017;1420;32200;13000
24/05/2017;1405;32260;13320
25/05/2017;1390;32000;13480
26/05/2017;1395;32120;13940
30/05/2017;1375;31900;13820
31/05/2017;1335;32260;14100
1/06/2017;1345;32240;14180
2/06/2017;1335;32200;14000
5/06/2017;1375;32520;13860
6/06/2017;1400;32980;14000
7/06/2017;1370;32500;13880
8/06/2017;1350;32780;13860
9/06/2017;1370;32600;13480
12/06/2017;1360;32800;13300
13/06/2017;1365;33140;13500
14/06/2017;1350;33500;13640
15/06/2017;1340;33400;13760
16/06/2017;1365;34200;13520
20/06/2017;1325;34280;13600
21/06/2017;1325;33000;13400
22/06/2017;1350;32180;13460
23/06/2017;1340;32140;13600
27/06/2017;1340;32800;13380
28/06/2017;1340;33680;13460
29/06/2017;1360;34000;13500
30/06/2017;1380;33900;13340
4/07/2017;1395;34200;13460
5/07/2017;1365;34400;13700
6/07/2017;1380;34200;13640
7/07/2017;1355;33700;13500
10/07/2017;1355;33740;13480
11/07/2017;1370;34300;13440
12/07/2017;1390;34900;13560
13/07/2017;1395;34880;13540
14/07/2017;1400;34300;13500
17/07/2017;1390;34000;13500
18/07/2017;1380;33800;13500
19/07/2017;1390;33000;13380
21/07/2017;1375;33080;13460
24/07/2017;1375;33500;13420
25/07/2017;1395;33260;13480
26/07/2017;1385;32840;13400
27/07/2017;1395;33060;13460
28/07/2017;1395;33500;13460
31/07/2017;1395;32700;13680
1/08/2017;1365;32940;13600
2/08/2017;1375;33000;13580
3/08/2017;1385;32700;13480
4/08/2017;1385;32800;13460
8/08/2017;1365;32680;13180
9/08/2017;1390;32100;13380
10/08/2017;1380;32000;13480
11/08/2017;1365;32300;13400
14/08/2017;1365;32300;13520
15/08/2017;1355;31900;13460
16/08/2017;1355;32800;13600
17/08/2017;1365;32460;13440
18/08/2017;1370;32960;13480
22/08/2017;1370;33060;13600
23/08/2017;1380;33280;13520
24/08/2017;1370;32800;13500
25/08/2017;1360;32680;13520
28/08/2017;1350;32640;13580
29/08/2017;1355;33100;13560
30/08/2017;1350;32580;13500
31/08/2017;1370;33600;13360
1/09/2017;1370;34600;13460
4/09/2017;1370;35260;13480
5/09/2017;1370;34780;13640
6/09/2017;1375;35320;13580
7/09/2017;1370;35000;13700
8/09/2017;1360;34880;13700
11/09/2017;1355;35300;13700
12/09/2017;1355;35300;13400
13/09/2017;1360;34880;13500
14/09/2017;1365;34440;13560
15/09/2017;1370;34240;13720
18/09/2017;1370;34520;13820
19/09/2017;1370;34300;13760
20/09/2017;1380;33620;13620
21/09/2017;1385;33920;13580
22/09/2017;1380;34400;13620
25/09/2017;1390;34160;13700
26/09/2017;1395;33920;13600
27/09/2017;1405;33960;13780
28/09/2017;1395;33760;13820
29/09/2017;1400;33780;13680
2/10/2017;1395;33980;13660
3/10/2017;1405;34200;13760
4/10/2017;1400;33600;13700
5/10/2017;1405;33700;13720
6/10/2017;1400;33480;13960
9/10/2017;1400;33000;13860
10/10/2017;1410;33040;13880
11/10/2017;1415;32920;13680
12/10/2017;1410;32900;13880
13/10/2017;1430;33080;13860
17/10/2017;1460;32480;13800
18/10/2017;1465;32360;13740
19/10/2017;1460;32120;13580
20/10/2017;1445;32020;13420
23/10/2017;1450;31980;13400
24/10/2017;1465;31880;13420
25/10/2017;1490;31980;13620
26/10/2017;1565;32120;13520
27/10/2017;1610;29900;13400
30/10/2017;1665;28900;13300
31/10/2017;1665;29000;13320
1/11/2017;1735;29060;13420
2/11/2017;1700;28480;13360
3/11/2017;1700;28180;13340
7/11/2017;1820;28620;13460
8/11/2017;1755;29000;13380
9/11/2017;1820;29280;13360
10/11/2017;1810;29040;13300
14/11/2017;1765;28500;13280
15/11/2017;1750;28620;13200
16/11/2017;1750;28820;13260
17/11/2017;1750;29120;13260
20/11/2017;1740;29300;13480
21/11/2017;1740;29540;13420
22/11/2017;1775;29540;13460
23/11/2017;1775;29440;13540
24/11/2017;1760;29520;13500
27/11/2017;1780;29120;13580
28/11/2017;1735;29380;13780
29/11/2017;1770;29360;13780
30/11/2017;1750;29200;13800
1/12/2017;1775;28980;13840
4/12/2017;1780;28780;13960
5/12/2017;1790;28900;13860
6/12/2017;1775;29420;13720
7/12/2017;1780;29380;13680
11/12/2017;1885;30080;13700
12/12/2017;1910;29840;13900
13/12/2017;1935;29720;13920
14/12/2017;1950;29220;14280
15/12/2017;1935;29180;14120
18/12/2017;1940;29620;14060
19/12/2017;1950;29640;14100
20/12/2017;2000;29500;14020
21/12/2017;2015;29660;14060
22/12/2017;2025;29600;14280
26/12/2017;2075;29500;14220
27/12/2017;2110;29700;14320
28/12/2017;2210;29920;14200
2/01/2018;2260;29980;14140
3/01/2018;2350;29900;14240
4/01/2018;2460;30780;14140
5/01/2018;2500;31100;14200
9/01/2018;2555;30800;14280
10/01/2018;2535;30520;14280
11/01/2018;2425;30040;14320
12/01/2018;2375;30200;14400
15/01/2018;2335;30000;14260
16/01/2018;2420;31160;14400
17/01/2018;2465;31260;14580
18/01/2018;2475;31340;14620
19/01/2018;2465;31180;14580
22/01/2018;2590;30760;14540
23/01/2018;2705;30900;14520
24/01/2018;2800;31700;14420
25/01/2018;2745;32240;14480
26/01/2018;2760;32680;14400
29/01/2018;2775;32540;14500
30/01/2018;2700;32580;14400
31/01/2018;2660;32460;14300
1/02/2018;2770;32660;14480
2/02/2018;2665;32080;14700
5/02/2018;2485;31120;14300
6/02/2018;2500;31280;14220
7/02/2018;2430;31560;14360
8/02/2018;2335;31200;14180
9/02/2018;2445;31260;14000
12/02/2018;2420;31520;13900
13/02/2018;2385;31580;13720
14/02/2018;2500;32060;13780
15/02/2018;2490;31820;13760
16/02/2018;2485;32060;13720
19/02/2018;2480;31840;13540
20/02/2018;2485;32240;13300
21/02/2018;2475;32380;13600
22/02/2018;2565;32660;13740
23/02/2018;2625;32360;13800
26/02/2018;2655;31780;13800
27/02/2018;2630;31400;13960
28/02/2018;2510;30180;13700
1/03/2018;2480;30000;13800
2/03/2018;2480;30240;13200
5/03/2018;2510;30620;13400
6/03/2018;2505;31040;13540
7/03/2018;2450;31300;13400
8/03/2018;2475;31300;13320
9/03/2018;2505;31580;13200
12/03/2018;2480;31300;13200
13/03/2018;2505;30820;13020
14/03/2018;2505;30600;12980
15/03/2018;2535;30560;12820
16/03/2018;2590;31200;12840
20/03/2018;2670;30900;12940
21/03/2018;2750;30540;13000
22/03/2018;2620;30180;13260
23/03/2018;2700;29380;13160
26/03/2018;2775;30400;13080
27/03/2018;2645;29780;13080
28/03/2018;2615;29280;13320
2/04/2018;2690;30160;13420
3/04/2018;2730;31300;13660
4/04/2018;2740;31900;13560
5/04/2018;2740;32600;13880
6/04/2018;2730;32900;13980
9/04/2018;2745;33100;14320
10/04/2018;2790;34120;14420
11/04/2018;2980;34300;14120
12/04/2018;2955;34000;14120
13/04/2018;2835;33520;13860
16/04/2018;2760;33400;13980
17/04/2018;2870;34080;14380
18/04/2018;2935;33940;14700
19/04/2018;3030;34300;14840
20/04/2018;3030;33760;14880
23/04/2018;3085;34400;15100
24/04/2018;3060;33400;14500
25/04/2018;3045;33060;14900
26/04/2018;3010;33160;14640
27/04/2018;3070;33700;14400
30/04/2018;3100;33300;14480
2/05/2018;3105;33460;14320
3/05/2018;3095;34000;13980
4/05/2018;3095;33520;13800
7/05/2018;3030;33860;13900
8/05/2018;3085;34320;13760
9/05/2018;3160;34220;13820
10/05/2018;3100;33820;14080
11/05/2018;3135;33620;13960
15/05/2018;3290;34360;14460
16/05/2018;3205;33500;14080
17/05/2018;3170;33000;13800
18/05/2018;3150;32800;13860
21/05/2018;3125;32620;13900
22/05/2018;3110;32920;14040
23/05/2018;3025;32660;14260
24/05/2018;3075;32420;14140
25/05/2018;2955;33200;14100
28/05/2018;2900;33680;13980
29/05/2018;3030;33680;14060
30/05/2018;3120;33400;14000
31/05/2018;3090;33500;14160
1/06/2018;3110;33900;14400
5/06/2018;3080;33900;14380
6/06/2018;3015;33620;14400
7/06/2018;3060;33100;14560
8/06/2018;3045;33120;14640
12/06/2018;3005;33780;14760
13/06/2018;3010;34180;14600
14/06/2018;3005;33760;14420
15/06/2018;2960;33980;14000
18/06/2018;2985;34660;14120
19/06/2018;2905;34300;13720
20/06/2018;2875;34200;13640
21/06/2018;2845;34500;13700
22/06/2018;2880;34100;13660
25/06/2018;2820;34000;13900
26/06/2018;2885;34480;14260
27/06/2018;2970;34480;14220
28/06/2018;2985;35200;14400
29/06/2018;3025;35720;14500
3/07/2018;2930;35980;14020
4/07/2018;2930;36200;14500
5/07/2018;2895;35920;14500
6/07/2018;2935;36020;14140
9/07/2018;3000;35520;14160
10/07/2018;3020;35680;14220
11/07/2018;2955;35580;14060
12/07/2018;2945;35400;13940
13/07/2018;2965;35100;14020
16/07/2018;2940;35260;14160
17/07/2018;2960;34880;14180
18/07/2018;2965;34800;14240
19/07/2018;2950;34540;14280
23/07/2018;2970;34680;14320
24/07/2018;2965;34580;14240
25/07/2018;3000;33700;13800
26/07/2018;3005;34020;14280
27/07/2018;2985;34020;14300
30/07/2018;3080;33940;14400
31/07/2018;3070;33200;14200
1/08/2018;3125;33960;13980
2/08/2018;3130;33140;13820
3/08/2018;3095;34020;13720
6/08/2018;3140;33740;13720
8/08/2018;3175;33800;13980
9/08/2018;3030;33580;13900
10/08/2018;3070;32920;13840
13/08/2018;3060;33180;13680
14/08/2018;3100;33120;13740
15/08/2018;3000;33240;13840
16/08/2018;3065;33660;13640
17/08/2018;3095;33800;13580
21/08/2018;3140;33440;13660
22/08/2018;3220;33100;13680
23/08/2018;3240;33000;13800
24/08/2018;3270;33020;13880
27/08/2018;3305;33640;13880
28/08/2018;3330;33720;13760
29/08/2018;3385;33160;13600
30/08/2018;3445;32920;13560
31/08/2018;3420;33200;13520
3/09/2018;3395;33220;13440
4/09/2018;3455;32900;13420
5/09/2018;3430;32520;12920
6/09/2018;3390;32100;13020
7/09/2018;3410;31600;13160
10/09/2018;3410;31140;13460
11/09/2018;3480;30460;13480
12/09/2018;3820;31220;13380
13/09/2018;3765;30500;13640
14/09/2018;3790;30400;13540
17/09/2018;3870;30580;13120
18/09/2018;3940;30820;13500
19/09/2018;3850;31600;13380
20/09/2018;3715;32020;13020
21/09/2018;3680;31200;13600
24/09/2018;3900;31500;13260
25/09/2018;3930;31480;13180
26/09/2018;3925;30800;13220
27/09/2018;3980;31120;13380
28/09/2018;4030;31300;13380
1/10/2018;4150;31840;13380
2/10/2018;4105;32100;13400
3/10/2018;4160;32300;13660
4/10/2018;4080;32160;13760
5/10/2018;4015;31900;13400
8/10/2018;3990;31900;13180
9/10/2018;4080;31780;13000
10/10/2018;4015;31280;12840
11/10/2018;3900;30840;12720
12/10/2018;3950;31000;13200
16/10/2018;3970;31980;13340
17/10/2018;3965;31280;13180
18/10/2018;3925;30640;12960
19/10/2018;3950;30240;12800
22/10/2018;3960;30220;12200
23/10/2018;3845;30240;12380
24/10/2018;3685;30020;12300
25/10/2018;3705;29380;12140
26/10/2018;3755;29580;12000
29/10/2018;3690;29800;11740
30/10/2018;3750;29620;11920
31/10/2018;3740;30100;11960
1/11/2018;3465;30980;12280
2/11/2018;3430;31000;12560
6/11/2018;3440;31000;13000
7/11/2018;3480;32000;13480
8/11/2018;3425;32200;13580
9/11/2018;3440;32100;13200
13/11/2018;3240;31300;12740
14/11/2018;3250;32000;13220
15/11/2018;3280;33600;13220
16/11/2018;3275;33940;13420
19/11/2018;3190;33400;13120
20/11/2018;3060;33060;12900
21/11/2018;3150;33300;12900
22/11/2018;3140;33320;12860
23/11/2018;3020;32800;12900
26/11/2018;3075;33880;13240
27/11/2018;3140;33300;12900
28/11/2018;3115;33180;12940
29/11/2018;3110;33200;13020
30/11/2018;3105;32220;12940
3/12/2018;3290;33400;13000
4/12/2018;3160;33400;13440
5/12/2018;3220;33760;13480
6/12/2018;3100;32980;13580
7/12/2018;3100;32420;13740
10/12/2018;3020;32580;13740
11/12/2018;2980;32780;13720
12/12/2018;3015;32900;13740
13/12/2018;2960;32420;13780
14/12/2018;2940;32160;13780
17/12/2018;2875;31500;13800
18/12/2018;2835;31800;13700
19/12/2018;2815;31280;14080
20/12/2018;2615;30420;13700
21/12/2018;2665;30960;14000
24/12/2018;2550;30020;14300
26/12/2018;2720;30900;14280
27/12/2018;2715;31200;14000
28/12/2018;2645;31400;13980
2/01/2019;2650;32000;14000
3/01/2019;2760;32000;14340
4/01/2019;2800;32700;14500
8/01/2019;2890;32780;14620
9/01/2019;2935;33720;14160
10/01/2019;2935;33940;14220
11/01/2019;2900;34000;14380
14/01/2019;2910;34260;14200
15/01/2019;2930;34100;14220
16/01/2019;2930;34100;13880
17/01/2019;2910;34080;13920
18/01/2019;2895;34400;13980
21/01/2019;2900;34500;13960
22/01/2019;2900;34540;14000
23/01/2019;2825;34300;14120
24/01/2019;2835;34500;14180
25/01/2019;2860;34300;14040
28/01/2019;2815;34200;13960
29/01/2019;2850;34220;14000
30/01/2019;2915;34480;13960
31/01/2019;2920;34360;13920
1/02/2019;2935;34800;13920
4/02/2019;2920;35760;13900
5/02/2019;2950;36360;14080
6/02/2019;2920;36280;14100
7/02/2019;2865;36000;13960
8/02/2019;2865;35840;13900
11/02/2019;2840;35740;13940
12/02/2019;2925;35520;13940
13/02/2019;2955;35300;13960
14/02/2019;2965;35500;14000
15/02/2019;3055;35700;14120
18/02/2019;3065;35200;14100
19/02/2019;3050;35300;14060
20/02/2019;3085;35600;14100
21/02/2019;3060;35900;14060
22/02/2019;3080;36820;14020
25/02/2019;3145;37200;14020
26/02/2019;3195;37220;14040
27/02/2019;3230;37220;14080
28/02/2019;3120;37120;13980
1/03/2019;3165;37120;14040
4/03/2019;3210;37220;13980
5/03/2019;3215;37640;14000
6/03/2019;3195;38100;14140
7/03/2019;3175;38080;14140
8/03/2019;3135;37440;14200
11/03/2019;3200;38280;14280
12/03/2019;3230;38180;14340
13/03/2019;3330;39220;14880
14/03/2019;3320;39880;15000
15/03/2019;3400;39700;15480
18/03/2019;3445;40100;16480
19/03/2019;3470;41000;16700
20/03/2019;3550;41300;16400
21/03/2019;3565;42120;16100
22/03/2019;3430;40600;16080
26/03/2019;3470;40900;16740
27/03/2019;3370;39940;16300
28/03/2019;3370;39780;15900
29/03/2019;3415;40400;15960
1/04/2019;3460;39720;16200
2/04/2019;3440;40200;16160
3/04/2019;3410;40800;16220
4/04/2019;3350;41380;16080
5/04/2019;3360;42400;15880
8/04/2019;3425;43000;15820
9/04/2019;3380;42900;16200
10/04/2019;3405;42600;16300
11/04/2019;3320;42220;16220
12/04/2019;3275;42000;16100
15/04/2019;3230;40920;15520
16/04/2019;3295;40940;15500
17/04/2019;3030;41440;16300
22/04/2019;3095;42500;16100
23/04/2019;3105;42300;16000
24/04/2019;3075;42240;16120
25/04/2019;3075;42340;16020
26/04/2019;3005;42320;16280
29/04/2019;3020;42000;16200
30/04/2019;2985;40900;15820
2/05/2019;2945;40100;15960
3/05/2019;2925;39380;16080
6/05/2019;2915;39420;16000
7/05/2019;2885;39400;15940
8/05/2019;2970;40020;15820
9/05/2019;3040;39900;15780
10/05/2019;3070;40660;15640
13/05/2019;3020;39340;15500
14/05/2019;3005;39080;15540
15/05/2019;3030;38940;15720
16/05/2019;3075;38900;15720
17/05/2019;3070;38400;15640
20/05/2019;3045;38140;15660
21/05/2019;3095;38460;15760
22/05/2019;3040;38300;15780
23/05/2019;2940;38120;15780
24/05/2019;3000;38060;15800
27/05/2019;2950;38160;15800
28/05/2019;2815;38000;15580
29/05/2019;2870;38920;15700
30/05/2019;2810;39460;15880
31/05/2019;2765;39500;16200
4/06/2019;2820;39720;16500
5/06/2019;2755;39380;16720
6/06/2019;2770;39600;16880
7/06/2019;2875;39760;17400
10/06/2019;2815;39700;17520
11/06/2019;2800;41000;17700
12/06/2019;2725;40200;18400
13/06/2019;2765;40040;18600
14/06/2019;2790;39960;18760
17/06/2019;2820;39000;18580
18/06/2019;2870;40240;18700
19/06/2019;2930;40340;18880
20/06/2019;2980;40920;18880
21/06/2019;3020;40900;18980
25/06/2019;2985;40480;19360
26/06/2019;2985;40780;18260
27/06/2019;2945;40600;17820
28/06/2019;2920;40800;17860
2/07/2019;2925;40380;17920
3/07/2019;3010;40700;18400
4/07/2019;3010;40760;18500
5/07/2019;3020;40900;18900
8/07/2019;3015;40600;19200
9/07/2019;3020;40760;19500
10/07/2019;3090;40940;19900
11/07/2019;3070;41380;19800
12/07/2019;3070;41100;19960
15/07/2019;3035;41440;19700
16/07/2019;3025;42260;19680
17/07/2019;3000;41760;19660
18/07/2019;2965;41120;19200
19/07/2019;3010;41680;19160
22/07/2019;3030;41260;19000
23/07/2019;3015;42020;19160
24/07/2019;3000;41280;19300
25/07/2019;3000;41300;19800
26/07/2019;2980;41160;19200
29/07/2019;2980;41300;18960
